MTG20140417AND11,Moto G,+ACI-16GB White, Unlocked B+ACI-
MTE20140417AND12,Moto E,+ACI-8GB Green, Unlocked B+ACI-
MTX20150417AND13,Moto X Play,+ACI-32GB Black, Unlocked B+ACI-
MTG20160417AND14,Moto G,+ACI-16GB White, Unlocked A+ACI-
MTE20160417AND15,Moto E,+ACI-8GB Black, Unlocked B+ACI-
MTX20160417AND16,Moto X Play,+ACI-32GB White, Unlocked B+ACI-
SLAPLENB407008A17,Lenovo B40+AC0-70,3558U/2GB Ram/500GB HDD
SLAPLENG504504A18,Lenovo G50+AC0-45,A6+AC0-6310/4GB Ram/500GB HDD
SAPPIPH416GWUNLB19,Apple iPhone 4 ,+ACI-16GB White, Unlocked B+ACI-
SAPPIPH432GBUNLB110,Apple iPhone 4 ,+ACI-32GB Black, Unlocked B+ACI-
SAPPIPH4S8GBUNLB111,Apple iPhone 4S ,+ACI-8GB Black, Unlocked B+ACI-
SAPPIPH564GBUNLB112,Apple iPhone 5 ,+ACI-64GB Black, Unlocked B+ACI-
SAPPI5C32GWUNLB113,Apple iPhone 5C ,+ACI-32GB White, Unlocked B+ACI-
SAPPI5C8GGUNLB114,Apple iPhone 5C ,+ACI-8GB Green, Unlocked B+ACI-
SAPPI5S16GGUNLA115,Apple iPhone 5S ,+ACI-16GB Grey, Unlocked A+ACI-
SAPPI5S16GGUNLB116,Apple iPhone 5S ,+ACI-16GB Grey, Unlocked B+ACI-
SAPPI5S16GWUNLA117,Apple iPhone 5S ,+ACI-16GB Silver, Unlocked A+ACI-
SAPPI616GGOUNLA118,Apple iPhone 6 ,+ACI-16GB Gold, Unlocked A+ACI-
SAPPI616GGRUNLB119,Apple iPhone 6 ,+ACI-16GB Grey, Unlocked B+ACI-
SAPPI6P128GGOUNLA120,Apple iPhone 6 Plus ,+ACI-128GB Gold, Unlocked A+ACI-
I8350OMIUNLB121,I8350 Ominia,+ACI-16GB White, Unlocked B+ACI-
I9300GALS3UNLB122,I9300 GALAXY S III,+ACI-32GB Black, Unlocked B+ACI-
I9100GALS2UNLB123,I9100 GALAXY S II,+ACI-8GB Black, Unlocked B+ACI-
I9070GAKSADVUNLB124,I9070 GALAXY S Advance,+ACI-64GB Black, Unlocked B+ACI-
I9300GALS3AS1UNLB125,I9300 GALAXY S III,+ACI-32GB White, Unlocked B+ACI-
I9100GALS2AS1UNLB126,I9100 GALAXY S II,+ACI-8GB Green, Unlocked B+ACI-
I9070GAKSADVAS127,I9070 GALAXY S Advance,+ACI-16GB Grey, Unlocked A+ACI-
N7000GALNOTEUNLB128,N7000 GALAXY NOTE,+ACI-16GB Grey, Unlocked B+ACI-
S5253WAVEUNLA129,S5253 WAVE 525 w/m,+ACI-16GB Silver, Unlocked A+ACI-
S5300POCKTUNLA130,S5300 Pocket,+ACI-16GB Gold, Unlocked A+ACI-
B5512GALYPDUNLB131,B5512 Galaxy Y Pro Duos,+ACI-16GB Grey, Unlocked B+ACI-
S6102GALYPUNLB132,S6102 Galaxy Y Duos,+ACI-8GB Gold, Unlocked A+ACI-
S5360GALYUNLB133,S5360 GALAXY Y,+ACI-16GB White, Unlocked B+ACI-
S5360GALCOLUNLB134,S5360 GALAXY Y COLOURS,+ACI-32GB Black, Unlocked B+ACI-
S5830ACEUNLB135,S5830 GALAXY Ace,+ACI-8GB Black, Unlocked B+ACI-
S7500ACEPUNLB136,S7500 GALAXY Ace Plus,+ACI-64GB Black, Unlocked B+ACI-
S6802ACEDUNLB137,S6802 Galaxy Ace Duos,+ACI-32GB White, Unlocked B+ACI-
S7250WAVEMUNLB138,S7250 WAVE M,+ACI-8GB Green, Unlocked B+ACI-
S8600WAVEIIIUNLB139,S8600 WAVE III,+ACI-16GB Grey, Unlocked A+ACI-
S5380WAVEYUNLB140,S5380 WAVE Y,+ACI-16GB Grey, Unlocked B+ACI-
C3312DELDUNLB141,C3312 DELUX DUOS,+ACI-16GB Silver, Unlocked A+ACI-
C3312DELDCUNLB142,C3312 DELUX DUOS Colours,+ACI-16GB Gold, Unlocked A+ACI-
C3222CDWMUNLB143,C3222 Ch+AEA-t 322 DUAL WM,+ACI-16GB Grey, Unlocked B+ACI-
C3752DUALSLIUNLB144,C3752 (DUAL SLIDER),+ACI-8GB Green, Unlocked B+ACI-
C6712STAIIDUNLB145,C6712 STAR II DUOS,Tizen Powered Phones
S5222STA3DUNLB146,S5222 Star 3 DUOS,+ACI-8GB Green, Unlocked B+ACI-
E1232DUAHMUNLB147,E1232 DUAL Hero Music,Tizen Powered Phones
E2152DU5WMUNLB148,E2152 DUAL 35 W/M,+ACI-8GB Green, Unlocked B+ACI-
E2222CDULUNLB149,E2222 Ch+AEA-t222 (DUAL),Tizen Powered Phones
E2232DUALUNLB150,E2232 DUAL,+ACI-8GB Green, Unlocked B+ACI-
MTG20140417AND151,Moto G,+ACI-16GB White, Unlocked B+ACI-
MTE20140417AND152,Moto E,+ACI-8GB Green, Unlocked B+ACI-
MTX20150417AND153,Moto X Play,+ACI-32GB Black, Unlocked B+ACI-
MTG20160417AND154,Moto G,+ACI-16GB White, Unlocked A+ACI-
MTE20160417AND155,Moto E,+ACI-8GB Black, Unlocked B+ACI-
MTX20160417AND156,Moto X Play,+ACI-32GB White, Unlocked B+ACI-
SLAPLENB407008A157,Lenovo B40+AC0-70,3558U/2GB Ram/500GB HDD
SLAPLENG504504A158,Lenovo G50+AC0-45,A6+AC0-6310/4GB Ram/500GB HDD
SAPPIPH416GWUNLB159,Apple iPhone 4 ,+ACI-16GB White, Unlocked B+ACI-
SAPPIPH432GBUNLB160,Apple iPhone 4 ,+ACI-32GB Black, Unlocked B+ACI-
SAPPIPH4S8GBUNLB161,Apple iPhone 4S ,+ACI-8GB Black, Unlocked B+ACI-
SAPPIPH564GBUNLB162,Apple iPhone 5 ,+ACI-64GB Black, Unlocked B+ACI-
SAPPI5C32GWUNLB163,Apple iPhone 5C ,+ACI-32GB White, Unlocked B+ACI-
SAPPI5C8GGUNLB164,Apple iPhone 5C ,+ACI-8GB Green, Unlocked B+ACI-
SAPPI5S16GGUNLA165,Apple iPhone 5S ,+ACI-16GB Grey, Unlocked A+ACI-
SAPPI5S16GGUNLB166,Apple iPhone 5S ,+ACI-16GB Grey, Unlocked B+ACI-
SAPPI5S16GWUNLA167,Apple iPhone 5S ,+ACI-16GB Silver, Unlocked A+ACI-
SAPPI616GGOUNLA168,Apple iPhone 6 ,+ACI-16GB Gold, Unlocked A+ACI-
SAPPI616GGRUNLB169,Apple iPhone 6 ,+ACI-16GB Grey, Unlocked B+ACI-
SAPPI6P128GGOUNLA170,Apple iPhone 6 Plus ,+ACI-128GB Gold, Unlocked A+ACI-
I8350OMIUNLB171,I8350 Ominia,+ACI-16GB White, Unlocked B+ACI-
I9300GALS3UNLB172,I9300 GALAXY S III,+ACI-32GB Black, Unlocked B+ACI-
I9100GALS2UNLB173,I9100 GALAXY S II,+ACI-8GB Black, Unlocked B+ACI-
I9070GAKSADVUNLB174,I9070 GALAXY S Advance,+ACI-64GB Black, Unlocked B+ACI-
I9300GALS3AS1UNLB175,I9300 GALAXY S III,+ACI-32GB White, Unlocked B+ACI-
I9100GALS2AS1UNLB176,I9100 GALAXY S II,+ACI-8GB Green, Unlocked B+ACI-
I9070GAKSADVAS177,I9070 GALAXY S Advance,+ACI-16GB Grey, Unlocked A+ACI-
N7000GALNOTEUNLB178,N7000 GALAXY NOTE,+ACI-16GB Grey, Unlocked B+ACI-
S5253WAVEUNLA179,S5253 WAVE 525 w/m,+ACI-16GB Silver, Unlocked A+ACI-
S5300POCKTUNLA180,S5300 Pocket,+ACI-16GB Gold, Unlocked A+ACI-
B5512GALYPDUNLB181,B5512 Galaxy Y Pro Duos,+ACI-16GB Grey, Unlocked B+ACI-
S6102GALYPUNLB182,S6102 Galaxy Y Duos,+ACI-8GB Gold, Unlocked A+ACI-
S5360GALYUNLB183,S5360 GALAXY Y,+ACI-16GB White, Unlocked B+ACI-
S5360GALCOLUNLB184,S5360 GALAXY Y COLOURS,+ACI-32GB Black, Unlocked B+ACI-
S5830ACEUNLB185,S5830 GALAXY Ace,+ACI-8GB Black, Unlocked B+ACI-
S7500ACEPUNLB186,S7500 GALAXY Ace Plus,+ACI-64GB Black, Unlocked B+ACI-
S6802ACEDUNLB187,S6802 Galaxy Ace Duos,+ACI-32GB White, Unlocked B+ACI-
S7250WAVEMUNLB188,S7250 WAVE M,+ACI-8GB Green, Unlocked B+ACI-
S8600WAVEIIIUNLB189,S8600 WAVE III,+ACI-16GB Grey, Unlocked A+ACI-
S5380WAVEYUNLB190,S5380 WAVE Y,+ACI-16GB Grey, Unlocked B+ACI-
C3312DELDUNLB191,C3312 DELUX DUOS,+ACI-16GB Silver, Unlocked A+ACI-
C3312DELDCUNLB192,C3312 DELUX DUOS Colours,+ACI-16GB Gold, Unlocked A+ACI-
C3222CDWMUNLB193,C3222 Ch+AEA-t 322 DUAL WM,+ACI-16GB Grey, Unlocked B+ACI-
C3752DUALSLIUNLB194,C3752 (DUAL SLIDER),+ACI-8GB Green, Unlocked B+ACI-
C6712STAIIDUNLB195,C6712 STAR II DUOS,Tizen Powered Phones
S5222STA3DUNLB196,S5222 Star 3 DUOS,+ACI-8GB Green, Unlocked B+ACI-
E1232DUAHMUNLB197,E1232 DUAL Hero Music,Tizen Powered Phones
E2152DU5WMUNLB198,E2152 DUAL 35 W/M,+ACI-8GB Green, Unlocked B+ACI-
E2222CDULUNLB199,E2222 Ch+AEA-t222 (DUAL),Tizen Powered Phones
E2232DUALUNLB1100,E2232 DUAL,+ACI-8GB Green, Unlocked B+ACI-
MTG20140417AND1101,Moto G,+ACI-16GB White, Unlocked B+ACI-
MTE20140417AND1102,Moto E,+ACI-8GB Green, Unlocked B+ACI-
MTX20150417AND1103,Moto X Play,+ACI-32GB Black, Unlocked B+ACI-
MTG20160417AND1104,Moto G,+ACI-16GB White, Unlocked A+ACI-
MTE20160417AND1105,Moto E,+ACI-8GB Black, Unlocked B+ACI-
MTX20160417AND1106,Moto X Play,+ACI-32GB White, Unlocked B+ACI-
SLAPLENB407008A1107,Lenovo B40+AC0-70,3558U/2GB Ram/500GB HDD
SLAPLENG504504A1108,Lenovo G50+AC0-45,A6+AC0-6310/4GB Ram/500GB HDD
SAPPIPH416GWUNLB1109,Apple iPhone 4 ,+ACI-16GB White, Unlocked B+ACI-
SAPPIPH432GBUNLB1110,Apple iPhone 4 ,+ACI-32GB Black, Unlocked B+ACI-
SAPPIPH4S8GBUNLB1111,Apple iPhone 4S ,+ACI-8GB Black, Unlocked B+ACI-
SAPPIPH564GBUNLB1112,Apple iPhone 5 ,+ACI-64GB Black, Unlocked B+ACI-
SAPPI5C32GWUNLB1113,Apple iPhone 5C ,+ACI-32GB White, Unlocked B+ACI-
SAPPI5C8GGUNLB1114,Apple iPhone 5C ,+ACI-8GB Green, Unlocked B+ACI-
SAPPI5S16GGUNLA1115,Apple iPhone 5S ,+ACI-16GB Grey, Unlocked A+ACI-
SAPPI5S16GGUNLB1116,Apple iPhone 5S ,+ACI-16GB Grey, Unlocked B+ACI-
SAPPI5S16GWUNLA1117,Apple iPhone 5S ,+ACI-16GB Silver, Unlocked A+ACI-
SAPPI616GGOUNLA1118,Apple iPhone 6 ,+ACI-16GB Gold, Unlocked A+ACI-
SAPPI616GGRUNLB1119,Apple iPhone 6 ,+ACI-16GB Grey, Unlocked B+ACI-
SAPPI6P128GGOUNLA1120,Apple iPhone 6 Plus ,+ACI-128GB Gold, Unlocked A+ACI-
I8350OMIUNLB1121,I8350 Ominia,+ACI-16GB White, Unlocked B+ACI-
I9300GALS3UNLB1122,I9300 GALAXY S III,+ACI-32GB Black, Unlocked B+ACI-
I9100GALS2UNLB1123,I9100 GALAXY S II,+ACI-8GB Black, Unlocked B+ACI-
I9070GAKSADVUNLB1124,I9070 GALAXY S Advance,+ACI-64GB Black, Unlocked B+ACI-
I9300GALS3AS1UNLB1125,I9300 GALAXY S III,+ACI-32GB White, Unlocked B+ACI-
I9100GALS2AS1UNLB1126,I9100 GALAXY S II,+ACI-8GB Green, Unlocked B+ACI-
I9070GAKSADVAS1127,I9070 GALAXY S Advance,+ACI-16GB Grey, Unlocked A+ACI-
N7000GALNOTEUNLB1128,N7000 GALAXY NOTE,+ACI-16GB Grey, Unlocked B+ACI-
S5253WAVEUNLA1129,S5253 WAVE 525 w/m,+ACI-16GB Silver, Unlocked A+ACI-
S5300POCKTUNLA1130,S5300 Pocket,+ACI-16GB Gold, Unlocked A+ACI-
B5512GALYPDUNLB1131,B5512 Galaxy Y Pro Duos,+ACI-16GB Grey, Unlocked B+ACI-
S6102GALYPUNLB1132,S6102 Galaxy Y Duos,+ACI-8GB Gold, Unlocked A+ACI-
S5360GALYUNLB1133,S5360 GALAXY Y,+ACI-16GB White, Unlocked B+ACI-
S5360GALCOLUNLB1134,S5360 GALAXY Y COLOURS,+ACI-32GB Black, Unlocked B+ACI-
S5830ACEUNLB1135,S5830 GALAXY Ace,+ACI-8GB Black, Unlocked B+ACI-
S7500ACEPUNLB1136,S7500 GALAXY Ace Plus,+ACI-64GB Black, Unlocked B+ACI-
S6802ACEDUNLB1137,S6802 Galaxy Ace Duos,+ACI-32GB White, Unlocked B+ACI-
S7250WAVEMUNLB1138,S7250 WAVE M,+ACI-8GB Green, Unlocked B+ACI-
S8600WAVEIIIUNLB1139,S8600 WAVE III,+ACI-16GB Grey, Unlocked A+ACI-
S5380WAVEYUNLB1140,S5380 WAVE Y,+ACI-16GB Grey, Unlocked B+ACI-
C3312DELDUNLB1141,C3312 DELUX DUOS,+ACI-16GB Silver, Unlocked A+ACI-
C3312DELDCUNLB1142,C3312 DELUX DUOS Colours,+ACI-16GB Gold, Unlocked A+ACI-
C3222CDWMUNLB1143,C3222 Ch+AEA-t 322 DUAL WM,+ACI-16GB Grey, Unlocked B+ACI-
C3752DUALSLIUNLB1144,C3752 (DUAL SLIDER),+ACI-8GB Green, Unlocked B+ACI-
C6712STAIIDUNLB1145,C6712 STAR II DUOS,Tizen Powered Phones
S5222STA3DUNLB1146,S5222 Star 3 DUOS,+ACI-8GB Green, Unlocked B+ACI-
E1232DUAHMUNLB1147,E1232 DUAL Hero Music,Tizen Powered Phones
E2152DU5WMUNLB1148,E2152 DUAL 35 W/M,+ACI-8GB Green, Unlocked B+ACI-
E2222CDULUNLB1149,E2222 Ch+AEA-t222 (DUAL),Tizen Powered Phones
E2232DUALUNLB1150,E2232 DUAL,+ACI-8GB Green, Unlocked B+ACI-
MTG20140417AND1151,Moto G,+ACI-16GB White, Unlocked B+ACI-
MTE20140417AND1152,Moto E,+ACI-8GB Green, Unlocked B+ACI-
MTX20150417AND1153,Moto X Play,+ACI-32GB Black, Unlocked B+ACI-
MTG20160417AND1154,Moto G,+ACI-16GB White, Unlocked A+ACI-
MTE20160417AND1155,Moto E,+ACI-8GB Black, Unlocked B+ACI-
MTX20160417AND1156,Moto X Play,+ACI-32GB White, Unlocked B+ACI-
SLAPLENB407008A1157,Lenovo B40+AC0-70,3558U/2GB Ram/500GB HDD
SLAPLENG504504A1158,Lenovo G50+AC0-45,A6+AC0-6310/4GB Ram/500GB HDD
SAPPIPH416GWUNLB1159,Apple iPhone 4 ,+ACI-16GB White, Unlocked B+ACI-
SAPPIPH432GBUNLB1160,Apple iPhone 4 ,+ACI-32GB Black, Unlocked B+ACI-
SAPPIPH4S8GBUNLB1161,Apple iPhone 4S ,+ACI-8GB Black, Unlocked B+ACI-
SAPPIPH564GBUNLB1162,Apple iPhone 5 ,+ACI-64GB Black, Unlocked B+ACI-
SAPPI5C32GWUNLB1163,Apple iPhone 5C ,+ACI-32GB White, Unlocked B+ACI-
SAPPI5C8GGUNLB1164,Apple iPhone 5C ,+ACI-8GB Green, Unlocked B+ACI-
SAPPI5S16GGUNLA1165,Apple iPhone 5S ,+ACI-16GB Grey, Unlocked A+ACI-
SAPPI5S16GGUNLB1166,Apple iPhone 5S ,+ACI-16GB Grey, Unlocked B+ACI-
SAPPI5S16GWUNLA1167,Apple iPhone 5S ,+ACI-16GB Silver, Unlocked A+ACI-
SAPPI616GGOUNLA1168,Apple iPhone 6 ,+ACI-16GB Gold, Unlocked A+ACI-
SAPPI616GGRUNLB1169,Apple iPhone 6 ,+ACI-16GB Grey, Unlocked B+ACI-
SAPPI6P128GGOUNLA1170,Apple iPhone 6 Plus ,+ACI-128GB Gold, Unlocked A+ACI-
I8350OMIUNLB1171,I8350 Ominia,+ACI-16GB White, Unlocked B+ACI-
I9300GALS3UNLB1172,I9300 GALAXY S III,+ACI-32GB Black, Unlocked B+ACI-
I9100GALS2UNLB1173,I9100 GALAXY S II,+ACI-8GB Black, Unlocked B+ACI-
I9070GAKSADVUNLB1174,I9070 GALAXY S Advance,+ACI-64GB Black, Unlocked B+ACI-
I9300GALS3AS1UNLB1175,I9300 GALAXY S III,+ACI-32GB White, Unlocked B+ACI-
I9100GALS2AS1UNLB1176,I9100 GALAXY S II,+ACI-8GB Green, Unlocked B+ACI-
I9070GAKSADVAS1177,I9070 GALAXY S Advance,+ACI-16GB Grey, Unlocked A+ACI-
N7000GALNOTEUNLB1178,N7000 GALAXY NOTE,+ACI-16GB Grey, Unlocked B+ACI-
S5253WAVEUNLA1179,S5253 WAVE 525 w/m,+ACI-16GB Silver, Unlocked A+ACI-
S5300POCKTUNLA1180,S5300 Pocket,+ACI-16GB Gold, Unlocked A+ACI-
B5512GALYPDUNLB1181,B5512 Galaxy Y Pro Duos,+ACI-16GB Grey, Unlocked B+ACI-
S6102GALYPUNLB1182,S6102 Galaxy Y Duos,+ACI-8GB Gold, Unlocked A+ACI-
S5360GALYUNLB1183,S5360 GALAXY Y,+ACI-16GB White, Unlocked B+ACI-
S5360GALCOLUNLB1184,S5360 GALAXY Y COLOURS,+ACI-32GB Black, Unlocked B+ACI-
S5830ACEUNLB1185,S5830 GALAXY Ace,+ACI-8GB Black, Unlocked B+ACI-
S7500ACEPUNLB1186,S7500 GALAXY Ace Plus,+ACI-64GB Black, Unlocked B+ACI-
S6802ACEDUNLB1187,S6802 Galaxy Ace Duos,+ACI-32GB White, Unlocked B+ACI-
S7250WAVEMUNLB1188,S7250 WAVE M,+ACI-8GB Green, Unlocked B+ACI-
S8600WAVEIIIUNLB1189,S8600 WAVE III,+ACI-16GB Grey, Unlocked A+ACI-
S5380WAVEYUNLB1190,S5380 WAVE Y,+ACI-16GB Grey, Unlocked B+ACI-
C3312DELDUNLB1191,C3312 DELUX DUOS,+ACI-16GB Silver, Unlocked A+ACI-
C3312DELDCUNLB1192,C3312 DELUX DUOS Colours,+ACI-16GB Gold, Unlocked A+ACI-
C3222CDWMUNLB1193,C3222 Ch+AEA-t 322 DUAL WM,+ACI-16GB Grey, Unlocked B+ACI-
C3752DUALSLIUNLB1194,C3752 (DUAL SLIDER),+ACI-8GB Green, Unlocked B+ACI-
C6712STAIIDUNLB1195,C6712 STAR II DUOS,Tizen Powered Phones
S5222STA3DUNLB1196,S5222 Star 3 DUOS,+ACI-8GB Green, Unlocked B+ACI-
E1232DUAHMUNLB1197,E1232 DUAL Hero Music,Tizen Powered Phones
E2152DU5WMUNLB1198,E2152 DUAL 35 W/M,+ACI-8GB Green, Unlocked B+ACI-
E2222CDULUNLB1199,E2222 Ch+AEA-t222 (DUAL),Tizen Powered Phones
E2232DUALUNLB1200,E2232 DUAL,+ACI-8GB Green, Unlocked B+ACI-
MTG20140417AND1201,Moto G,+ACI-16GB White, Unlocked B+ACI-
MTE20140417AND1202,Moto E,+ACI-8GB Green, Unlocked B+ACI-
MTX20150417AND1203,Moto X Play,+ACI-32GB Black, Unlocked B+ACI-
MTG20160417AND1204,Moto G,+ACI-16GB White, Unlocked A+ACI-
MTE20160417AND1205,Moto E,+ACI-8GB Black, Unlocked B+ACI-
MTX20160417AND1206,Moto X Play,+ACI-32GB White, Unlocked B+ACI-
SLAPLENB407008A1207,Lenovo B40+AC0-70,3558U/2GB Ram/500GB HDD
SLAPLENG504504A1208,Lenovo G50+AC0-45,A6+AC0-6310/4GB Ram/500GB HDD
SAPPIPH416GWUNLB1209,Apple iPhone 4 ,+ACI-16GB White, Unlocked B+ACI-
SAPPIPH432GBUNLB1210,Apple iPhone 4 ,+ACI-32GB Black, Unlocked B+ACI-
SAPPIPH4S8GBUNLB1211,Apple iPhone 4S ,+ACI-8GB Black, Unlocked B+ACI-
SAPPIPH564GBUNLB1212,Apple iPhone 5 ,+ACI-64GB Black, Unlocked B+ACI-
SAPPI5C32GWUNLB1213,Apple iPhone 5C ,+ACI-32GB White, Unlocked B+ACI-
SAPPI5C8GGUNLB1214,Apple iPhone 5C ,+ACI-8GB Green, Unlocked B+ACI-
SAPPI5S16GGUNLA1215,Apple iPhone 5S ,+ACI-16GB Grey, Unlocked A+ACI-
SAPPI5S16GGUNLB1216,Apple iPhone 5S ,+ACI-16GB Grey, Unlocked B+ACI-
SAPPI5S16GWUNLA1217,Apple iPhone 5S ,+ACI-16GB Silver, Unlocked A+ACI-
SAPPI616GGOUNLA1218,Apple iPhone 6 ,+ACI-16GB Gold, Unlocked A+ACI-
SAPPI616GGRUNLB1219,Apple iPhone 6 ,+ACI-16GB Grey, Unlocked B+ACI-
SAPPI6P128GGOUNLA1220,Apple iPhone 6 Plus ,+ACI-128GB Gold, Unlocked A+ACI-
I8350OMIUNLB1221,I8350 Ominia,+ACI-16GB White, Unlocked B+ACI-
I9300GALS3UNLB1222,I9300 GALAXY S III,+ACI-32GB Black, Unlocked B+ACI-
I9100GALS2UNLB1223,I9100 GALAXY S II,+ACI-8GB Black, Unlocked B+ACI-
I9070GAKSADVUNLB1224,I9070 GALAXY S Advance,+ACI-64GB Black, Unlocked B+ACI-
I9300GALS3AS1UNLB1225,I9300 GALAXY S III,+ACI-32GB White, Unlocked B+ACI-
I9100GALS2AS1UNLB1226,I9100 GALAXY S II,+ACI-8GB Green, Unlocked B+ACI-
I9070GAKSADVAS1227,I9070 GALAXY S Advance,+ACI-16GB Grey, Unlocked A+ACI-
N7000GALNOTEUNLB1228,N7000 GALAXY NOTE,+ACI-16GB Grey, Unlocked B+ACI-
S5253WAVEUNLA1229,S5253 WAVE 525 w/m,+ACI-16GB Silver, Unlocked A+ACI-
S5300POCKTUNLA1230,S5300 Pocket,+ACI-16GB Gold, Unlocked A+ACI-
B5512GALYPDUNLB1231,B5512 Galaxy Y Pro Duos,+ACI-16GB Grey, Unlocked B+ACI-
S6102GALYPUNLB1232,S6102 Galaxy Y Duos,+ACI-8GB Gold, Unlocked A+ACI-
S5360GALYUNLB1233,S5360 GALAXY Y,+ACI-16GB White, Unlocked B+ACI-
S5360GALCOLUNLB1234,S5360 GALAXY Y COLOURS,+ACI-32GB Black, Unlocked B+ACI-
S5830ACEUNLB1235,S5830 GALAXY Ace,+ACI-8GB Black, Unlocked B+ACI-
S7500ACEPUNLB1236,S7500 GALAXY Ace Plus,+ACI-64GB Black, Unlocked B+ACI-
S6802ACEDUNLB1237,S6802 Galaxy Ace Duos,+ACI-32GB White, Unlocked B+ACI-
S7250WAVEMUNLB1238,S7250 WAVE M,+ACI-8GB Green, Unlocked B+ACI-
S8600WAVEIIIUNLB1239,S8600 WAVE III,+ACI-16GB Grey, Unlocked A+ACI-
S5380WAVEYUNLB1240,S5380 WAVE Y,+ACI-16GB Grey, Unlocked B+ACI-
C3312DELDUNLB1241,C3312 DELUX DUOS,+ACI-16GB Silver, Unlocked A+ACI-
C3312DELDCUNLB1242,C3312 DELUX DUOS Colours,+ACI-16GB Gold, Unlocked A+ACI-
C3222CDWMUNLB1243,C3222 Ch+AEA-t 322 DUAL WM,+ACI-16GB Grey, Unlocked B+ACI-
C3752DUALSLIUNLB1244,C3752 (DUAL SLIDER),+ACI-8GB Green, Unlocked B+ACI-
C6712STAIIDUNLB1245,C6712 STAR II DUOS,Tizen Powered Phones
S5222STA3DUNLB1246,S5222 Star 3 DUOS,+ACI-8GB Green, Unlocked B+ACI-
E1232DUAHMUNLB1247,E1232 DUAL Hero Music,Tizen Powered Phones
E2152DU5WMUNLB1248,E2152 DUAL 35 W/M,+ACI-8GB Green, Unlocked B+ACI-
E2222CDULUNLB1249,E2222 Ch+AEA-t222 (DUAL),Tizen Powered Phones
E2232DUALUNLB1250,E2232 DUAL,+ACI-8GB Green, Unlocked B+ACI-
MTG20140417AND1251,Moto G,+ACI-16GB White, Unlocked B+ACI-
MTE20140417AND1252,Moto E,+ACI-8GB Green, Unlocked B+ACI-
MTX20150417AND1253,Moto X Play,+ACI-32GB Black, Unlocked B+ACI-
MTG20160417AND1254,Moto G,+ACI-16GB White, Unlocked A+ACI-
MTE20160417AND1255,Moto E,+ACI-8GB Black, Unlocked B+ACI-
MTX20160417AND1256,Moto X Play,+ACI-32GB White, Unlocked B+ACI-
SLAPLENB407008A1257,Lenovo B40+AC0-70,3558U/2GB Ram/500GB HDD
SLAPLENG504504A1258,Lenovo G50+AC0-45,A6+AC0-6310/4GB Ram/500GB HDD
SAPPIPH416GWUNLB1259,Apple iPhone 4 ,+ACI-16GB White, Unlocked B+ACI-
SAPPIPH432GBUNLB1260,Apple iPhone 4 ,+ACI-32GB Black, Unlocked B+ACI-
SAPPIPH4S8GBUNLB1261,Apple iPhone 4S ,+ACI-8GB Black, Unlocked B+ACI-
SAPPIPH564GBUNLB1262,Apple iPhone 5 ,+ACI-64GB Black, Unlocked B+ACI-
SAPPI5C32GWUNLB1263,Apple iPhone 5C ,+ACI-32GB White, Unlocked B+ACI-
SAPPI5C8GGUNLB1264,Apple iPhone 5C ,+ACI-8GB Green, Unlocked B+ACI-
SAPPI5S16GGUNLA1265,Apple iPhone 5S ,+ACI-16GB Grey, Unlocked A+ACI-
SAPPI5S16GGUNLB1266,Apple iPhone 5S ,+ACI-16GB Grey, Unlocked B+ACI-
SAPPI5S16GWUNLA1267,Apple iPhone 5S ,+ACI-16GB Silver, Unlocked A+ACI-
SAPPI616GGOUNLA1268,Apple iPhone 6 ,+ACI-16GB Gold, Unlocked A+ACI-
SAPPI616GGRUNLB1269,Apple iPhone 6 ,+ACI-16GB Grey, Unlocked B+ACI-
SAPPI6P128GGOUNLA1270,Apple iPhone 6 Plus ,+ACI-128GB Gold, Unlocked A+ACI-
I8350OMIUNLB1271,I8350 Ominia,+ACI-16GB White, Unlocked B+ACI-
I9300GALS3UNLB1272,I9300 GALAXY S III,+ACI-32GB Black, Unlocked B+ACI-
I9100GALS2UNLB1273,I9100 GALAXY S II,+ACI-8GB Black, Unlocked B+ACI-
I9070GAKSADVUNLB1274,I9070 GALAXY S Advance,+ACI-64GB Black, Unlocked B+ACI-
I9300GALS3AS1UNLB1275,I9300 GALAXY S III,+ACI-32GB White, Unlocked B+ACI-
I9100GALS2AS1UNLB1276,I9100 GALAXY S II,+ACI-8GB Green, Unlocked B+ACI-
I9070GAKSADVAS1277,I9070 GALAXY S Advance,+ACI-16GB Grey, Unlocked A+ACI-
N7000GALNOTEUNLB1278,N7000 GALAXY NOTE,+ACI-16GB Grey, Unlocked B+ACI-
S5253WAVEUNLA1279,S5253 WAVE 525 w/m,+ACI-16GB Silver, Unlocked A+ACI-
S5300POCKTUNLA1280,S5300 Pocket,+ACI-16GB Gold, Unlocked A+ACI-
B5512GALYPDUNLB1281,B5512 Galaxy Y Pro Duos,+ACI-16GB Grey, Unlocked B+ACI-
S6102GALYPUNLB1282,S6102 Galaxy Y Duos,+ACI-8GB Gold, Unlocked A+ACI-
S5360GALYUNLB1283,S5360 GALAXY Y,+ACI-16GB White, Unlocked B+ACI-
S5360GALCOLUNLB1284,S5360 GALAXY Y COLOURS,+ACI-32GB Black, Unlocked B+ACI-
S5830ACEUNLB1285,S5830 GALAXY Ace,+ACI-8GB Black, Unlocked B+ACI-
S7500ACEPUNLB1286,S7500 GALAXY Ace Plus,+ACI-64GB Black, Unlocked B+ACI-
S6802ACEDUNLB1287,S6802 Galaxy Ace Duos,+ACI-32GB White, Unlocked B+ACI-
S7250WAVEMUNLB1288,S7250 WAVE M,+ACI-8GB Green, Unlocked B+ACI-
S8600WAVEIIIUNLB1289,S8600 WAVE III,+ACI-16GB Grey, Unlocked A+ACI-
S5380WAVEYUNLB1290,S5380 WAVE Y,+ACI-16GB Grey, Unlocked B+ACI-
C3312DELDUNLB1291,C3312 DELUX DUOS,+ACI-16GB Silver, Unlocked A+ACI-
C3312DELDCUNLB1292,C3312 DELUX DUOS Colours,+ACI-16GB Gold, Unlocked A+ACI-
C3222CDWMUNLB1293,C3222 Ch+AEA-t 322 DUAL WM,+ACI-16GB Grey, Unlocked B+ACI-
C3752DUALSLIUNLB1294,C3752 (DUAL SLIDER),+ACI-8GB Green, Unlocked B+ACI-
C6712STAIIDUNLB1295,C6712 STAR II DUOS,Tizen Powered Phones
S5222STA3DUNLB1296,S5222 Star 3 DUOS,+ACI-8GB Green, Unlocked B+ACI-
E1232DUAHMUNLB1297,E1232 DUAL Hero Music,Tizen Powered Phones
E2152DU5WMUNLB1298,E2152 DUAL 35 W/M,+ACI-8GB Green, Unlocked B+ACI-
E2222CDULUNLB1299,E2222 Ch+AEA-t222 (DUAL),Tizen Powered Phones
E2232DUALUNLB1300,E2232 DUAL,+ACI-8GB Green, Unlocked B+ACI-
MTG20140417AND1301,Moto G,+ACI-16GB White, Unlocked B+ACI-
MTE20140417AND1302,Moto E,+ACI-8GB Green, Unlocked B+ACI-
MTX20150417AND1303,Moto X Play,+ACI-32GB Black, Unlocked B+ACI-
MTG20160417AND1304,Moto G,+ACI-16GB White, Unlocked A+ACI-
MTE20160417AND1305,Moto E,+ACI-8GB Black, Unlocked B+ACI-
MTX20160417AND1306,Moto X Play,+ACI-32GB White, Unlocked B+ACI-
SLAPLENB407008A1307,Lenovo B40+AC0-70,3558U/2GB Ram/500GB HDD
SLAPLENG504504A1308,Lenovo G50+AC0-45,A6+AC0-6310/4GB Ram/500GB HDD
SAPPIPH416GWUNLB1309,Apple iPhone 4 ,+ACI-16GB White, Unlocked B+ACI-
SAPPIPH432GBUNLB1310,Apple iPhone 4 ,+ACI-32GB Black, Unlocked B+ACI-
SAPPIPH4S8GBUNLB1311,Apple iPhone 4S ,+ACI-8GB Black, Unlocked B+ACI-
SAPPIPH564GBUNLB1312,Apple iPhone 5 ,+ACI-64GB Black, Unlocked B+ACI-
SAPPI5C32GWUNLB1313,Apple iPhone 5C ,+ACI-32GB White, Unlocked B+ACI-
SAPPI5C8GGUNLB1314,Apple iPhone 5C ,+ACI-8GB Green, Unlocked B+ACI-
SAPPI5S16GGUNLA1315,Apple iPhone 5S ,+ACI-16GB Grey, Unlocked A+ACI-
SAPPI5S16GGUNLB1316,Apple iPhone 5S ,+ACI-16GB Grey, Unlocked B+ACI-
SAPPI5S16GWUNLA1317,Apple iPhone 5S ,+ACI-16GB Silver, Unlocked A+ACI-
SAPPI616GGOUNLA1318,Apple iPhone 6 ,+ACI-16GB Gold, Unlocked A+ACI-
SAPPI616GGRUNLB1319,Apple iPhone 6 ,+ACI-16GB Grey, Unlocked B+ACI-
SAPPI6P128GGOUNLA1320,Apple iPhone 6 Plus ,+ACI-128GB Gold, Unlocked A+ACI-
I8350OMIUNLB1321,I8350 Ominia,+ACI-16GB White, Unlocked B+ACI-
I9300GALS3UNLB1322,I9300 GALAXY S III,+ACI-32GB Black, Unlocked B+ACI-
I9100GALS2UNLB1323,I9100 GALAXY S II,+ACI-8GB Black, Unlocked B+ACI-
I9070GAKSADVUNLB1324,I9070 GALAXY S Advance,+ACI-64GB Black, Unlocked B+ACI-
I9300GALS3AS1UNLB1325,I9300 GALAXY S III,+ACI-32GB White, Unlocked B+ACI-
I9100GALS2AS1UNLB1326,I9100 GALAXY S II,+ACI-8GB Green, Unlocked B+ACI-
I9070GAKSADVAS1327,I9070 GALAXY S Advance,+ACI-16GB Grey, Unlocked A+ACI-
N7000GALNOTEUNLB1328,N7000 GALAXY NOTE,+ACI-16GB Grey, Unlocked B+ACI-
S5253WAVEUNLA1329,S5253 WAVE 525 w/m,+ACI-16GB Silver, Unlocked A+ACI-
S5300POCKTUNLA1330,S5300 Pocket,+ACI-16GB Gold, Unlocked A+ACI-
B5512GALYPDUNLB1331,B5512 Galaxy Y Pro Duos,+ACI-16GB Grey, Unlocked B+ACI-
S6102GALYPUNLB1332,S6102 Galaxy Y Duos,+ACI-8GB Gold, Unlocked A+ACI-
S5360GALYUNLB1333,S5360 GALAXY Y,+ACI-16GB White, Unlocked B+ACI-
S5360GALCOLUNLB1334,S5360 GALAXY Y COLOURS,+ACI-32GB Black, Unlocked B+ACI-
S5830ACEUNLB1335,S5830 GALAXY Ace,+ACI-8GB Black, Unlocked B+ACI-
S7500ACEPUNLB1336,S7500 GALAXY Ace Plus,+ACI-64GB Black, Unlocked B+ACI-
S6802ACEDUNLB1337,S6802 Galaxy Ace Duos,+ACI-32GB White, Unlocked B+ACI-
S7250WAVEMUNLB1338,S7250 WAVE M,+ACI-8GB Green, Unlocked B+ACI-
S8600WAVEIIIUNLB1339,S8600 WAVE III,+ACI-16GB Grey, Unlocked A+ACI-
S5380WAVEYUNLB1340,S5380 WAVE Y,+ACI-16GB Grey, Unlocked B+ACI-
C3312DELDUNLB1341,C3312 DELUX DUOS,+ACI-16GB Silver, Unlocked A+ACI-
C3312DELDCUNLB1342,C3312 DELUX DUOS Colours,+ACI-16GB Gold, Unlocked A+ACI-
C3222CDWMUNLB1343,C3222 Ch+AEA-t 322 DUAL WM,+ACI-16GB Grey, Unlocked B+ACI-
C3752DUALSLIUNLB1344,C3752 (DUAL SLIDER),+ACI-8GB Green, Unlocked B+ACI-
C6712STAIIDUNLB1345,C6712 STAR II DUOS,Tizen Powered Phones
S5222STA3DUNLB1346,S5222 Star 3 DUOS,+ACI-8GB Green, Unlocked B+ACI-
E1232DUAHMUNLB1347,E1232 DUAL Hero Music,Tizen Powered Phones
E2152DU5WMUNLB1348,E2152 DUAL 35 W/M,+ACI-8GB Green, Unlocked B+ACI-
E2222CDULUNLB1349,E2222 Ch+AEA-t222 (DUAL),Tizen Powered Phones
E2232DUALUNLB1350,E2232 DUAL,+ACI-8GB Green, Unlocked B+ACI-
MTG20140417AND1351,Moto G,+ACI-16GB White, Unlocked B+ACI-
MTE20140417AND1352,Moto E,+ACI-8GB Green, Unlocked B+ACI-
MTX20150417AND1353,Moto X Play,+ACI-32GB Black, Unlocked B+ACI-
MTG20160417AND1354,Moto G,+ACI-16GB White, Unlocked A+ACI-
MTE20160417AND1355,Moto E,+ACI-8GB Black, Unlocked B+ACI-
MTX20160417AND1356,Moto X Play,+ACI-32GB White, Unlocked B+ACI-
SLAPLENB407008A1357,Lenovo B40+AC0-70,3558U/2GB Ram/500GB HDD
SLAPLENG504504A1358,Lenovo G50+AC0-45,A6+AC0-6310/4GB Ram/500GB HDD
SAPPIPH416GWUNLB1359,Apple iPhone 4 ,+ACI-16GB White, Unlocked B+ACI-
SAPPIPH432GBUNLB1360,Apple iPhone 4 ,+ACI-32GB Black, Unlocked B+ACI-
SAPPIPH4S8GBUNLB1361,Apple iPhone 4S ,+ACI-8GB Black, Unlocked B+ACI-
SAPPIPH564GBUNLB1362,Apple iPhone 5 ,+ACI-64GB Black, Unlocked B+ACI-
SAPPI5C32GWUNLB1363,Apple iPhone 5C ,+ACI-32GB White, Unlocked B+ACI-
SAPPI5C8GGUNLB1364,Apple iPhone 5C ,+ACI-8GB Green, Unlocked B+ACI-
SAPPI5S16GGUNLA1365,Apple iPhone 5S ,+ACI-16GB Grey, Unlocked A+ACI-
SAPPI5S16GGUNLB1366,Apple iPhone 5S ,+ACI-16GB Grey, Unlocked B+ACI-
SAPPI5S16GWUNLA1367,Apple iPhone 5S ,+ACI-16GB Silver, Unlocked A+ACI-
SAPPI616GGOUNLA1368,Apple iPhone 6 ,+ACI-16GB Gold, Unlocked A+ACI-
SAPPI616GGRUNLB1369,Apple iPhone 6 ,+ACI-16GB Grey, Unlocked B+ACI-
SAPPI6P128GGOUNLA1370,Apple iPhone 6 Plus ,+ACI-128GB Gold, Unlocked A+ACI-
I8350OMIUNLB1371,I8350 Ominia,+ACI-16GB White, Unlocked B+ACI-
I9300GALS3UNLB1372,I9300 GALAXY S III,+ACI-32GB Black, Unlocked B+ACI-
I9100GALS2UNLB1373,I9100 GALAXY S II,+ACI-8GB Black, Unlocked B+ACI-
I9070GAKSADVUNLB1374,I9070 GALAXY S Advance,+ACI-64GB Black, Unlocked B+ACI-
I9300GALS3AS1UNLB1375,I9300 GALAXY S III,+ACI-32GB White, Unlocked B+ACI-
I9100GALS2AS1UNLB1376,I9100 GALAXY S II,+ACI-8GB Green, Unlocked B+ACI-
I9070GAKSADVAS1377,I9070 GALAXY S Advance,+ACI-16GB Grey, Unlocked A+ACI-
N7000GALNOTEUNLB1378,N7000 GALAXY NOTE,+ACI-16GB Grey, Unlocked B+ACI-
S5253WAVEUNLA1379,S5253 WAVE 525 w/m,+ACI-16GB Silver, Unlocked A+ACI-
S5300POCKTUNLA1380,S5300 Pocket,+ACI-16GB Gold, Unlocked A+ACI-
B5512GALYPDUNLB1381,B5512 Galaxy Y Pro Duos,+ACI-16GB Grey, Unlocked B+ACI-
S6102GALYPUNLB1382,S6102 Galaxy Y Duos,+ACI-8GB Gold, Unlocked A+ACI-
S5360GALYUNLB1383,S5360 GALAXY Y,+ACI-16GB White, Unlocked B+ACI-
S5360GALCOLUNLB1384,S5360 GALAXY Y COLOURS,+ACI-32GB Black, Unlocked B+ACI-
S5830ACEUNLB1385,S5830 GALAXY Ace,+ACI-8GB Black, Unlocked B+ACI-
S7500ACEPUNLB1386,S7500 GALAXY Ace Plus,+ACI-64GB Black, Unlocked B+ACI-
S6802ACEDUNLB1387,S6802 Galaxy Ace Duos,+ACI-32GB White, Unlocked B+ACI-
S7250WAVEMUNLB1388,S7250 WAVE M,+ACI-8GB Green, Unlocked B+ACI-
S8600WAVEIIIUNLB1389,S8600 WAVE III,+ACI-16GB Grey, Unlocked A+ACI-
S5380WAVEYUNLB1390,S5380 WAVE Y,+ACI-16GB Grey, Unlocked B+ACI-
C3312DELDUNLB1391,C3312 DELUX DUOS,+ACI-16GB Silver, Unlocked A+ACI-
C3312DELDCUNLB1392,C3312 DELUX DUOS Colours,+ACI-16GB Gold, Unlocked A+ACI-
C3222CDWMUNLB1393,C3222 Ch+AEA-t 322 DUAL WM,+ACI-16GB Grey, Unlocked B+ACI-
C3752DUALSLIUNLB1394,C3752 (DUAL SLIDER),+ACI-8GB Green, Unlocked B+ACI-
C6712STAIIDUNLB1395,C6712 STAR II DUOS,Tizen Powered Phones
S5222STA3DUNLB1396,S5222 Star 3 DUOS,+ACI-8GB Green, Unlocked B+ACI-
E1232DUAHMUNLB1397,E1232 DUAL Hero Music,Tizen Powered Phones
E2152DU5WMUNLB1398,E2152 DUAL 35 W/M,+ACI-8GB Green, Unlocked B+ACI-
E2222CDULUNLB1399,E2222 Ch+AEA-t222 (DUAL),Tizen Powered Phones
E2232DUALUNLB1400,E2232 DUAL,+ACI-8GB Green, Unlocked B+ACI-
MTG20140417AND1401,Moto G,+ACI-16GB White, Unlocked B+ACI-
MTE20140417AND1402,Moto E,+ACI-8GB Green, Unlocked B+ACI-
MTX20150417AND1403,Moto X Play,+ACI-32GB Black, Unlocked B+ACI-
MTG20160417AND1404,Moto G,+ACI-16GB White, Unlocked A+ACI-
MTE20160417AND1405,Moto E,+ACI-8GB Black, Unlocked B+ACI-
MTX20160417AND1406,Moto X Play,+ACI-32GB White, Unlocked B+ACI-
SLAPLENB407008A1407,Lenovo B40+AC0-70,3558U/2GB Ram/500GB HDD
SLAPLENG504504A1408,Lenovo G50+AC0-45,A6+AC0-6310/4GB Ram/500GB HDD
SAPPIPH416GWUNLB1409,Apple iPhone 4 ,+ACI-16GB White, Unlocked B+ACI-
SAPPIPH432GBUNLB1410,Apple iPhone 4 ,+ACI-32GB Black, Unlocked B+ACI-
SAPPIPH4S8GBUNLB1411,Apple iPhone 4S ,+ACI-8GB Black, Unlocked B+ACI-
SAPPIPH564GBUNLB1412,Apple iPhone 5 ,+ACI-64GB Black, Unlocked B+ACI-
SAPPI5C32GWUNLB1413,Apple iPhone 5C ,+ACI-32GB White, Unlocked B+ACI-
SAPPI5C8GGUNLB1414,Apple iPhone 5C ,+ACI-8GB Green, Unlocked B+ACI-
SAPPI5S16GGUNLA1415,Apple iPhone 5S ,+ACI-16GB Grey, Unlocked A+ACI-
SAPPI5S16GGUNLB1416,Apple iPhone 5S ,+ACI-16GB Grey, Unlocked B+ACI-
SAPPI5S16GWUNLA1417,Apple iPhone 5S ,+ACI-16GB Silver, Unlocked A+ACI-
SAPPI616GGOUNLA1418,Apple iPhone 6 ,+ACI-16GB Gold, Unlocked A+ACI-
SAPPI616GGRUNLB1419,Apple iPhone 6 ,+ACI-16GB Grey, Unlocked B+ACI-
SAPPI6P128GGOUNLA1420,Apple iPhone 6 Plus ,+ACI-128GB Gold, Unlocked A+ACI-
I8350OMIUNLB1421,I8350 Ominia,+ACI-16GB White, Unlocked B+ACI-
I9300GALS3UNLB1422,I9300 GALAXY S III,+ACI-32GB Black, Unlocked B+ACI-
I9100GALS2UNLB1423,I9100 GALAXY S II,+ACI-8GB Black, Unlocked B+ACI-
I9070GAKSADVUNLB1424,I9070 GALAXY S Advance,+ACI-64GB Black, Unlocked B+ACI-
I9300GALS3AS1UNLB1425,I9300 GALAXY S III,+ACI-32GB White, Unlocked B+ACI-
I9100GALS2AS1UNLB1426,I9100 GALAXY S II,+ACI-8GB Green, Unlocked B+ACI-
I9070GAKSADVAS1427,I9070 GALAXY S Advance,+ACI-16GB Grey, Unlocked A+ACI-
N7000GALNOTEUNLB1428,N7000 GALAXY NOTE,+ACI-16GB Grey, Unlocked B+ACI-
S5253WAVEUNLA1429,S5253 WAVE 525 w/m,+ACI-16GB Silver, Unlocked A+ACI-
S5300POCKTUNLA1430,S5300 Pocket,+ACI-16GB Gold, Unlocked A+ACI-
B5512GALYPDUNLB1431,B5512 Galaxy Y Pro Duos,+ACI-16GB Grey, Unlocked B+ACI-
S6102GALYPUNLB1432,S6102 Galaxy Y Duos,+ACI-8GB Gold, Unlocked A+ACI-
S5360GALYUNLB1433,S5360 GALAXY Y,+ACI-16GB White, Unlocked B+ACI-
S5360GALCOLUNLB1434,S5360 GALAXY Y COLOURS,+ACI-32GB Black, Unlocked B+ACI-
S5830ACEUNLB1435,S5830 GALAXY Ace,+ACI-8GB Black, Unlocked B+ACI-
S7500ACEPUNLB1436,S7500 GALAXY Ace Plus,+ACI-64GB Black, Unlocked B+ACI-
S6802ACEDUNLB1437,S6802 Galaxy Ace Duos,+ACI-32GB White, Unlocked B+ACI-
S7250WAVEMUNLB1438,S7250 WAVE M,+ACI-8GB Green, Unlocked B+ACI-
S8600WAVEIIIUNLB1439,S8600 WAVE III,+ACI-16GB Grey, Unlocked A+ACI-
S5380WAVEYUNLB1440,S5380 WAVE Y,+ACI-16GB Grey, Unlocked B+ACI-
C3312DELDUNLB1441,C3312 DELUX DUOS,+ACI-16GB Silver, Unlocked A+ACI-
C3312DELDCUNLB1442,C3312 DELUX DUOS Colours,+ACI-16GB Gold, Unlocked A+ACI-
C3222CDWMUNLB1443,C3222 Ch+AEA-t 322 DUAL WM,+ACI-16GB Grey, Unlocked B+ACI-
C3752DUALSLIUNLB1444,C3752 (DUAL SLIDER),+ACI-8GB Green, Unlocked B+ACI-
C6712STAIIDUNLB1445,C6712 STAR II DUOS,Tizen Powered Phones
S5222STA3DUNLB1446,S5222 Star 3 DUOS,+ACI-8GB Green, Unlocked B+ACI-
E1232DUAHMUNLB1447,E1232 DUAL Hero Music,Tizen Powered Phones
E2152DU5WMUNLB1448,E2152 DUAL 35 W/M,+ACI-8GB Green, Unlocked B+ACI-
E2222CDULUNLB1449,E2222 Ch+AEA-t222 (DUAL),Tizen Powered Phones
E2232DUALUNLB1450,E2232 DUAL,+ACI-8GB Green, Unlocked B+ACI-
MTG20140417AND1451,Moto G,+ACI-16GB White, Unlocked B+ACI-
MTE20140417AND1452,Moto E,+ACI-8GB Green, Unlocked B+ACI-
MTX20150417AND1453,Moto X Play,+ACI-32GB Black, Unlocked B+ACI-
MTG20160417AND1454,Moto G,+ACI-16GB White, Unlocked A+ACI-
MTE20160417AND1455,Moto E,+ACI-8GB Black, Unlocked B+ACI-
MTX20160417AND1456,Moto X Play,+ACI-32GB White, Unlocked B+ACI-
SLAPLENB407008A1457,Lenovo B40+AC0-70,3558U/2GB Ram/500GB HDD
SLAPLENG504504A1458,Lenovo G50+AC0-45,A6+AC0-6310/4GB Ram/500GB HDD
SAPPIPH416GWUNLB1459,Apple iPhone 4 ,+ACI-16GB White, Unlocked B+ACI-
SAPPIPH432GBUNLB1460,Apple iPhone 4 ,+ACI-32GB Black, Unlocked B+ACI-
SAPPIPH4S8GBUNLB1461,Apple iPhone 4S ,+ACI-8GB Black, Unlocked B+ACI-
SAPPIPH564GBUNLB1462,Apple iPhone 5 ,+ACI-64GB Black, Unlocked B+ACI-
SAPPI5C32GWUNLB1463,Apple iPhone 5C ,+ACI-32GB White, Unlocked B+ACI-
SAPPI5C8GGUNLB1464,Apple iPhone 5C ,+ACI-8GB Green, Unlocked B+ACI-
SAPPI5S16GGUNLA1465,Apple iPhone 5S ,+ACI-16GB Grey, Unlocked A+ACI-
SAPPI5S16GGUNLB1466,Apple iPhone 5S ,+ACI-16GB Grey, Unlocked B+ACI-
SAPPI5S16GWUNLA1467,Apple iPhone 5S ,+ACI-16GB Silver, Unlocked A+ACI-
SAPPI616GGOUNLA1468,Apple iPhone 6 ,+ACI-16GB Gold, Unlocked A+ACI-
SAPPI616GGRUNLB1469,Apple iPhone 6 ,+ACI-16GB Grey, Unlocked B+ACI-
SAPPI6P128GGOUNLA1470,Apple iPhone 6 Plus ,+ACI-128GB Gold, Unlocked A+ACI-
I8350OMIUNLB1471,I8350 Ominia,+ACI-16GB White, Unlocked B+ACI-
I9300GALS3UNLB1472,I9300 GALAXY S III,+ACI-32GB Black, Unlocked B+ACI-
I9100GALS2UNLB1473,I9100 GALAXY S II,+ACI-8GB Black, Unlocked B+ACI-
I9070GAKSADVUNLB1474,I9070 GALAXY S Advance,+ACI-64GB Black, Unlocked B+ACI-
I9300GALS3AS1UNLB1475,I9300 GALAXY S III,+ACI-32GB White, Unlocked B+ACI-
I9100GALS2AS1UNLB1476,I9100 GALAXY S II,+ACI-8GB Green, Unlocked B+ACI-
I9070GAKSADVAS1477,I9070 GALAXY S Advance,+ACI-16GB Grey, Unlocked A+ACI-
N7000GALNOTEUNLB1478,N7000 GALAXY NOTE,+ACI-16GB Grey, Unlocked B+ACI-
S5253WAVEUNLA1479,S5253 WAVE 525 w/m,+ACI-16GB Silver, Unlocked A+ACI-
S5300POCKTUNLA1480,S5300 Pocket,+ACI-16GB Gold, Unlocked A+ACI-
B5512GALYPDUNLB1481,B5512 Galaxy Y Pro Duos,+ACI-16GB Grey, Unlocked B+ACI-
S6102GALYPUNLB1482,S6102 Galaxy Y Duos,+ACI-8GB Gold, Unlocked A+ACI-
S5360GALYUNLB1483,S5360 GALAXY Y,+ACI-16GB White, Unlocked B+ACI-
S5360GALCOLUNLB1484,S5360 GALAXY Y COLOURS,+ACI-32GB Black, Unlocked B+ACI-
S5830ACEUNLB1485,S5830 GALAXY Ace,+ACI-8GB Black, Unlocked B+ACI-
S7500ACEPUNLB1486,S7500 GALAXY Ace Plus,+ACI-64GB Black, Unlocked B+ACI-
S6802ACEDUNLB1487,S6802 Galaxy Ace Duos,+ACI-32GB White, Unlocked B+ACI-
S7250WAVEMUNLB1488,S7250 WAVE M,+ACI-8GB Green, Unlocked B+ACI-
S8600WAVEIIIUNLB1489,S8600 WAVE III,+ACI-16GB Grey, Unlocked A+ACI-
S5380WAVEYUNLB1490,S5380 WAVE Y,+ACI-16GB Grey, Unlocked B+ACI-
C3312DELDUNLB1491,C3312 DELUX DUOS,+ACI-16GB Silver, Unlocked A+ACI-
C3312DELDCUNLB1492,C3312 DELUX DUOS Colours,+ACI-16GB Gold, Unlocked A+ACI-
C3222CDWMUNLB1493,C3222 Ch+AEA-t 322 DUAL WM,+ACI-16GB Grey, Unlocked B+ACI-
C3752DUALSLIUNLB1494,C3752 (DUAL SLIDER),+ACI-8GB Green, Unlocked B+ACI-
C6712STAIIDUNLB1495,C6712 STAR II DUOS,Tizen Powered Phones
S5222STA3DUNLB1496,S5222 Star 3 DUOS,+ACI-8GB Green, Unlocked B+ACI-
E1232DUAHMUNLB1497,E1232 DUAL Hero Music,Tizen Powered Phones
E2152DU5WMUNLB1498,E2152 DUAL 35 W/M,+ACI-8GB Green, Unlocked B+ACI-
E2222CDULUNLB1499,E2222 Ch+AEA-t222 (DUAL),Tizen Powered Phones
E2232DUALUNLB1500,E2232 DUAL,+ACI-8GB Green, Unlocked B+ACI-
MTG20140417AND1501,Moto G,+ACI-16GB White, Unlocked B+ACI-
MTE20140417AND1502,Moto E,+ACI-8GB Green, Unlocked B+ACI-
MTX20150417AND1503,Moto X Play,+ACI-32GB Black, Unlocked B+ACI-
MTG20160417AND1504,Moto G,+ACI-16GB White, Unlocked A+ACI-
MTE20160417AND1505,Moto E,+ACI-8GB Black, Unlocked B+ACI-
MTX20160417AND1506,Moto X Play,+ACI-32GB White, Unlocked B+ACI-
SLAPLENB407008A1507,Lenovo B40+AC0-70,3558U/2GB Ram/500GB HDD
SLAPLENG504504A1508,Lenovo G50+AC0-45,A6+AC0-6310/4GB Ram/500GB HDD
SAPPIPH416GWUNLB1509,Apple iPhone 4 ,+ACI-16GB White, Unlocked B+ACI-
SAPPIPH432GBUNLB1510,Apple iPhone 4 ,+ACI-32GB Black, Unlocked B+ACI-
SAPPIPH4S8GBUNLB1511,Apple iPhone 4S ,+ACI-8GB Black, Unlocked B+ACI-
SAPPIPH564GBUNLB1512,Apple iPhone 5 ,+ACI-64GB Black, Unlocked B+ACI-
SAPPI5C32GWUNLB1513,Apple iPhone 5C ,+ACI-32GB White, Unlocked B+ACI-
SAPPI5C8GGUNLB1514,Apple iPhone 5C ,+ACI-8GB Green, Unlocked B+ACI-
SAPPI5S16GGUNLA1515,Apple iPhone 5S ,+ACI-16GB Grey, Unlocked A+ACI-
SAPPI5S16GGUNLB1516,Apple iPhone 5S ,+ACI-16GB Grey, Unlocked B+ACI-
SAPPI5S16GWUNLA1517,Apple iPhone 5S ,+ACI-16GB Silver, Unlocked A+ACI-
SAPPI616GGOUNLA1518,Apple iPhone 6 ,+ACI-16GB Gold, Unlocked A+ACI-
SAPPI616GGRUNLB1519,Apple iPhone 6 ,+ACI-16GB Grey, Unlocked B+ACI-
SAPPI6P128GGOUNLA1520,Apple iPhone 6 Plus ,+ACI-128GB Gold, Unlocked A+ACI-
I8350OMIUNLB1521,I8350 Ominia,+ACI-16GB White, Unlocked B+ACI-
I9300GALS3UNLB1522,I9300 GALAXY S III,+ACI-32GB Black, Unlocked B+ACI-
I9100GALS2UNLB1523,I9100 GALAXY S II,+ACI-8GB Black, Unlocked B+ACI-
I9070GAKSADVUNLB1524,I9070 GALAXY S Advance,+ACI-64GB Black, Unlocked B+ACI-
I9300GALS3AS1UNLB1525,I9300 GALAXY S III,+ACI-32GB White, Unlocked B+ACI-
I9100GALS2AS1UNLB1526,I9100 GALAXY S II,+ACI-8GB Green, Unlocked B+ACI-
I9070GAKSADVAS1527,I9070 GALAXY S Advance,+ACI-16GB Grey, Unlocked A+ACI-
N7000GALNOTEUNLB1528,N7000 GALAXY NOTE,+ACI-16GB Grey, Unlocked B+ACI-
S5253WAVEUNLA1529,S5253 WAVE 525 w/m,+ACI-16GB Silver, Unlocked A+ACI-
S5300POCKTUNLA1530,S5300 Pocket,+ACI-16GB Gold, Unlocked A+ACI-
B5512GALYPDUNLB1531,B5512 Galaxy Y Pro Duos,+ACI-16GB Grey, Unlocked B+ACI-
S6102GALYPUNLB1532,S6102 Galaxy Y Duos,+ACI-8GB Gold, Unlocked A+ACI-
S5360GALYUNLB1533,S5360 GALAXY Y,+ACI-16GB White, Unlocked B+ACI-
S5360GALCOLUNLB1534,S5360 GALAXY Y COLOURS,+ACI-32GB Black, Unlocked B+ACI-
S5830ACEUNLB1535,S5830 GALAXY Ace,+ACI-8GB Black, Unlocked B+ACI-
S7500ACEPUNLB1536,S7500 GALAXY Ace Plus,+ACI-64GB Black, Unlocked B+ACI-
S6802ACEDUNLB1537,S6802 Galaxy Ace Duos,+ACI-32GB White, Unlocked B+ACI-
S7250WAVEMUNLB1538,S7250 WAVE M,+ACI-8GB Green, Unlocked B+ACI-
S8600WAVEIIIUNLB1539,S8600 WAVE III,+ACI-16GB Grey, Unlocked A+ACI-
S5380WAVEYUNLB1540,S5380 WAVE Y,+ACI-16GB Grey, Unlocked B+ACI-
C3312DELDUNLB1541,C3312 DELUX DUOS,+ACI-16GB Silver, Unlocked A+ACI-
C3312DELDCUNLB1542,C3312 DELUX DUOS Colours,+ACI-16GB Gold, Unlocked A+ACI-
C3222CDWMUNLB1543,C3222 Ch+AEA-t 322 DUAL WM,+ACI-16GB Grey, Unlocked B+ACI-
C3752DUALSLIUNLB1544,C3752 (DUAL SLIDER),+ACI-8GB Green, Unlocked B+ACI-
C6712STAIIDUNLB1545,C6712 STAR II DUOS,Tizen Powered Phones
S5222STA3DUNLB1546,S5222 Star 3 DUOS,+ACI-8GB Green, Unlocked B+ACI-
E1232DUAHMUNLB1547,E1232 DUAL Hero Music,Tizen Powered Phones
E2152DU5WMUNLB1548,E2152 DUAL 35 W/M,+ACI-8GB Green, Unlocked B+ACI-
E2222CDULUNLB1549,E2222 Ch+AEA-t222 (DUAL),Tizen Powered Phones
E2232DUALUNLB1550,E2232 DUAL,+ACI-8GB Green, Unlocked B+ACI-
MTG20140417AND1551,Moto G,+ACI-16GB White, Unlocked B+ACI-
MTE20140417AND1552,Moto E,+ACI-8GB Green, Unlocked B+ACI-
MTX20150417AND1553,Moto X Play,+ACI-32GB Black, Unlocked B+ACI-
MTG20160417AND1554,Moto G,+ACI-16GB White, Unlocked A+ACI-
MTE20160417AND1555,Moto E,+ACI-8GB Black, Unlocked B+ACI-
MTX20160417AND1556,Moto X Play,+ACI-32GB White, Unlocked B+ACI-
SLAPLENB407008A1557,Lenovo B40+AC0-70,3558U/2GB Ram/500GB HDD
SLAPLENG504504A1558,Lenovo G50+AC0-45,A6+AC0-6310/4GB Ram/500GB HDD
SAPPIPH416GWUNLB1559,Apple iPhone 4 ,+ACI-16GB White, Unlocked B+ACI-
SAPPIPH432GBUNLB1560,Apple iPhone 4 ,+ACI-32GB Black, Unlocked B+ACI-
SAPPIPH4S8GBUNLB1561,Apple iPhone 4S ,+ACI-8GB Black, Unlocked B+ACI-
SAPPIPH564GBUNLB1562,Apple iPhone 5 ,+ACI-64GB Black, Unlocked B+ACI-
SAPPI5C32GWUNLB1563,Apple iPhone 5C ,+ACI-32GB White, Unlocked B+ACI-
SAPPI5C8GGUNLB1564,Apple iPhone 5C ,+ACI-8GB Green, Unlocked B+ACI-
SAPPI5S16GGUNLA1565,Apple iPhone 5S ,+ACI-16GB Grey, Unlocked A+ACI-
SAPPI5S16GGUNLB1566,Apple iPhone 5S ,+ACI-16GB Grey, Unlocked B+ACI-
SAPPI5S16GWUNLA1567,Apple iPhone 5S ,+ACI-16GB Silver, Unlocked A+ACI-
SAPPI616GGOUNLA1568,Apple iPhone 6 ,+ACI-16GB Gold, Unlocked A+ACI-
SAPPI616GGRUNLB1569,Apple iPhone 6 ,+ACI-16GB Grey, Unlocked B+ACI-
SAPPI6P128GGOUNLA1570,Apple iPhone 6 Plus ,+ACI-128GB Gold, Unlocked A+ACI-
I8350OMIUNLB1571,I8350 Ominia,+ACI-16GB White, Unlocked B+ACI-
I9300GALS3UNLB1572,I9300 GALAXY S III,+ACI-32GB Black, Unlocked B+ACI-
I9100GALS2UNLB1573,I9100 GALAXY S II,+ACI-8GB Black, Unlocked B+ACI-
I9070GAKSADVUNLB1574,I9070 GALAXY S Advance,+ACI-64GB Black, Unlocked B+ACI-
I9300GALS3AS1UNLB1575,I9300 GALAXY S III,+ACI-32GB White, Unlocked B+ACI-
I9100GALS2AS1UNLB1576,I9100 GALAXY S II,+ACI-8GB Green, Unlocked B+ACI-
I9070GAKSADVAS1577,I9070 GALAXY S Advance,+ACI-16GB Grey, Unlocked A+ACI-
N7000GALNOTEUNLB1578,N7000 GALAXY NOTE,+ACI-16GB Grey, Unlocked B+ACI-
S5253WAVEUNLA1579,S5253 WAVE 525 w/m,+ACI-16GB Silver, Unlocked A+ACI-
S5300POCKTUNLA1580,S5300 Pocket,+ACI-16GB Gold, Unlocked A+ACI-
B5512GALYPDUNLB1581,B5512 Galaxy Y Pro Duos,+ACI-16GB Grey, Unlocked B+ACI-
S6102GALYPUNLB1582,S6102 Galaxy Y Duos,+ACI-8GB Gold, Unlocked A+ACI-
S5360GALYUNLB1583,S5360 GALAXY Y,+ACI-16GB White, Unlocked B+ACI-
S5360GALCOLUNLB1584,S5360 GALAXY Y COLOURS,+ACI-32GB Black, Unlocked B+ACI-
S5830ACEUNLB1585,S5830 GALAXY Ace,+ACI-8GB Black, Unlocked B+ACI-
S7500ACEPUNLB1586,S7500 GALAXY Ace Plus,+ACI-64GB Black, Unlocked B+ACI-
S6802ACEDUNLB1587,S6802 Galaxy Ace Duos,+ACI-32GB White, Unlocked B+ACI-
S7250WAVEMUNLB1588,S7250 WAVE M,+ACI-8GB Green, Unlocked B+ACI-
S8600WAVEIIIUNLB1589,S8600 WAVE III,+ACI-16GB Grey, Unlocked A+ACI-
S5380WAVEYUNLB1590,S5380 WAVE Y,+ACI-16GB Grey, Unlocked B+ACI-
C3312DELDUNLB1591,C3312 DELUX DUOS,+ACI-16GB Silver, Unlocked A+ACI-
C3312DELDCUNLB1592,C3312 DELUX DUOS Colours,+ACI-16GB Gold, Unlocked A+ACI-
C3222CDWMUNLB1593,C3222 Ch+AEA-t 322 DUAL WM,+ACI-16GB Grey, Unlocked B+ACI-
C3752DUALSLIUNLB1594,C3752 (DUAL SLIDER),+ACI-8GB Green, Unlocked B+ACI-
C6712STAIIDUNLB1595,C6712 STAR II DUOS,Tizen Powered Phones
S5222STA3DUNLB1596,S5222 Star 3 DUOS,+ACI-8GB Green, Unlocked B+ACI-
E1232DUAHMUNLB1597,E1232 DUAL Hero Music,Tizen Powered Phones
E2152DU5WMUNLB1598,E2152 DUAL 35 W/M,+ACI-8GB Green, Unlocked B+ACI-
E2222CDULUNLB1599,E2222 Ch+AEA-t222 (DUAL),Tizen Powered Phones
E2232DUALUNLB1600,E2232 DUAL,+ACI-8GB Green, Unlocked B+ACI-
MTG20140417AND1601,Moto G,+ACI-16GB White, Unlocked B+ACI-
MTE20140417AND1602,Moto E,+ACI-8GB Green, Unlocked B+ACI-
MTX20150417AND1603,Moto X Play,+ACI-32GB Black, Unlocked B+ACI-
MTG20160417AND1604,Moto G,+ACI-16GB White, Unlocked A+ACI-
MTE20160417AND1605,Moto E,+ACI-8GB Black, Unlocked B+ACI-
MTX20160417AND1606,Moto X Play,+ACI-32GB White, Unlocked B+ACI-
SLAPLENB407008A1607,Lenovo B40+AC0-70,3558U/2GB Ram/500GB HDD
SLAPLENG504504A1608,Lenovo G50+AC0-45,A6+AC0-6310/4GB Ram/500GB HDD
SAPPIPH416GWUNLB1609,Apple iPhone 4 ,+ACI-16GB White, Unlocked B+ACI-
SAPPIPH432GBUNLB1610,Apple iPhone 4 ,+ACI-32GB Black, Unlocked B+ACI-
SAPPIPH4S8GBUNLB1611,Apple iPhone 4S ,+ACI-8GB Black, Unlocked B+ACI-
SAPPIPH564GBUNLB1612,Apple iPhone 5 ,+ACI-64GB Black, Unlocked B+ACI-
SAPPI5C32GWUNLB1613,Apple iPhone 5C ,+ACI-32GB White, Unlocked B+ACI-
SAPPI5C8GGUNLB1614,Apple iPhone 5C ,+ACI-8GB Green, Unlocked B+ACI-
SAPPI5S16GGUNLA1615,Apple iPhone 5S ,+ACI-16GB Grey, Unlocked A+ACI-
SAPPI5S16GGUNLB1616,Apple iPhone 5S ,+ACI-16GB Grey, Unlocked B+ACI-
SAPPI5S16GWUNLA1617,Apple iPhone 5S ,+ACI-16GB Silver, Unlocked A+ACI-
SAPPI616GGOUNLA1618,Apple iPhone 6 ,+ACI-16GB Gold, Unlocked A+ACI-
SAPPI616GGRUNLB1619,Apple iPhone 6 ,+ACI-16GB Grey, Unlocked B+ACI-
SAPPI6P128GGOUNLA1620,Apple iPhone 6 Plus ,+ACI-128GB Gold, Unlocked A+ACI-
I8350OMIUNLB1621,I8350 Ominia,+ACI-16GB White, Unlocked B+ACI-
I9300GALS3UNLB1622,I9300 GALAXY S III,+ACI-32GB Black, Unlocked B+ACI-
I9100GALS2UNLB1623,I9100 GALAXY S II,+ACI-8GB Black, Unlocked B+ACI-
I9070GAKSADVUNLB1624,I9070 GALAXY S Advance,+ACI-64GB Black, Unlocked B+ACI-
I9300GALS3AS1UNLB1625,I9300 GALAXY S III,+ACI-32GB White, Unlocked B+ACI-
I9100GALS2AS1UNLB1626,I9100 GALAXY S II,+ACI-8GB Green, Unlocked B+ACI-
I9070GAKSADVAS1627,I9070 GALAXY S Advance,+ACI-16GB Grey, Unlocked A+ACI-
N7000GALNOTEUNLB1628,N7000 GALAXY NOTE,+ACI-16GB Grey, Unlocked B+ACI-
S5253WAVEUNLA1629,S5253 WAVE 525 w/m,+ACI-16GB Silver, Unlocked A+ACI-
S5300POCKTUNLA1630,S5300 Pocket,+ACI-16GB Gold, Unlocked A+ACI-
B5512GALYPDUNLB1631,B5512 Galaxy Y Pro Duos,+ACI-16GB Grey, Unlocked B+ACI-
S6102GALYPUNLB1632,S6102 Galaxy Y Duos,+ACI-8GB Gold, Unlocked A+ACI-
S5360GALYUNLB1633,S5360 GALAXY Y,+ACI-16GB White, Unlocked B+ACI-
S5360GALCOLUNLB1634,S5360 GALAXY Y COLOURS,+ACI-32GB Black, Unlocked B+ACI-
S5830ACEUNLB1635,S5830 GALAXY Ace,+ACI-8GB Black, Unlocked B+ACI-
S7500ACEPUNLB1636,S7500 GALAXY Ace Plus,+ACI-64GB Black, Unlocked B+ACI-
S6802ACEDUNLB1637,S6802 Galaxy Ace Duos,+ACI-32GB White, Unlocked B+ACI-
S7250WAVEMUNLB1638,S7250 WAVE M,+ACI-8GB Green, Unlocked B+ACI-
S8600WAVEIIIUNLB1639,S8600 WAVE III,+ACI-16GB Grey, Unlocked A+ACI-
S5380WAVEYUNLB1640,S5380 WAVE Y,+ACI-16GB Grey, Unlocked B+ACI-
C3312DELDUNLB1641,C3312 DELUX DUOS,+ACI-16GB Silver, Unlocked A+ACI-
C3312DELDCUNLB1642,C3312 DELUX DUOS Colours,+ACI-16GB Gold, Unlocked A+ACI-
C3222CDWMUNLB1643,C3222 Ch+AEA-t 322 DUAL WM,+ACI-16GB Grey, Unlocked B+ACI-
C3752DUALSLIUNLB1644,C3752 (DUAL SLIDER),+ACI-8GB Green, Unlocked B+ACI-
C6712STAIIDUNLB1645,C6712 STAR II DUOS,Tizen Powered Phones
S5222STA3DUNLB1646,S5222 Star 3 DUOS,+ACI-8GB Green, Unlocked B+ACI-
E1232DUAHMUNLB1647,E1232 DUAL Hero Music,Tizen Powered Phones
E2152DU5WMUNLB1648,E2152 DUAL 35 W/M,+ACI-8GB Green, Unlocked B+ACI-
E2222CDULUNLB1649,E2222 Ch+AEA-t222 (DUAL),Tizen Powered Phones
E2232DUALUNLB1650,E2232 DUAL,+ACI-8GB Green, Unlocked B+ACI-
MTG20140417AND1651,Moto G,+ACI-16GB White, Unlocked B+ACI-
MTE20140417AND1652,Moto E,+ACI-8GB Green, Unlocked B+ACI-
MTX20150417AND1653,Moto X Play,+ACI-32GB Black, Unlocked B+ACI-
MTG20160417AND1654,Moto G,+ACI-16GB White, Unlocked A+ACI-
MTE20160417AND1655,Moto E,+ACI-8GB Black, Unlocked B+ACI-
MTX20160417AND1656,Moto X Play,+ACI-32GB White, Unlocked B+ACI-
SLAPLENB407008A1657,Lenovo B40+AC0-70,3558U/2GB Ram/500GB HDD
SLAPLENG504504A1658,Lenovo G50+AC0-45,A6+AC0-6310/4GB Ram/500GB HDD
SAPPIPH416GWUNLB1659,Apple iPhone 4 ,+ACI-16GB White, Unlocked B+ACI-
SAPPIPH432GBUNLB1660,Apple iPhone 4 ,+ACI-32GB Black, Unlocked B+ACI-
SAPPIPH4S8GBUNLB1661,Apple iPhone 4S ,+ACI-8GB Black, Unlocked B+ACI-
SAPPIPH564GBUNLB1662,Apple iPhone 5 ,+ACI-64GB Black, Unlocked B+ACI-
SAPPI5C32GWUNLB1663,Apple iPhone 5C ,+ACI-32GB White, Unlocked B+ACI-
SAPPI5C8GGUNLB1664,Apple iPhone 5C ,+ACI-8GB Green, Unlocked B+ACI-
SAPPI5S16GGUNLA1665,Apple iPhone 5S ,+ACI-16GB Grey, Unlocked A+ACI-
SAPPI5S16GGUNLB1666,Apple iPhone 5S ,+ACI-16GB Grey, Unlocked B+ACI-
SAPPI5S16GWUNLA1667,Apple iPhone 5S ,+ACI-16GB Silver, Unlocked A+ACI-
SAPPI616GGOUNLA1668,Apple iPhone 6 ,+ACI-16GB Gold, Unlocked A+ACI-
SAPPI616GGRUNLB1669,Apple iPhone 6 ,+ACI-16GB Grey, Unlocked B+ACI-
SAPPI6P128GGOUNLA1670,Apple iPhone 6 Plus ,+ACI-128GB Gold, Unlocked A+ACI-
I8350OMIUNLB1671,I8350 Ominia,+ACI-16GB White, Unlocked B+ACI-
I9300GALS3UNLB1672,I9300 GALAXY S III,+ACI-32GB Black, Unlocked B+ACI-
I9100GALS2UNLB1673,I9100 GALAXY S II,+ACI-8GB Black, Unlocked B+ACI-
I9070GAKSADVUNLB1674,I9070 GALAXY S Advance,+ACI-64GB Black, Unlocked B+ACI-
I9300GALS3AS1UNLB1675,I9300 GALAXY S III,+ACI-32GB White, Unlocked B+ACI-
I9100GALS2AS1UNLB1676,I9100 GALAXY S II,+ACI-8GB Green, Unlocked B+ACI-
I9070GAKSADVAS1677,I9070 GALAXY S Advance,+ACI-16GB Grey, Unlocked A+ACI-
N7000GALNOTEUNLB1678,N7000 GALAXY NOTE,+ACI-16GB Grey, Unlocked B+ACI-
S5253WAVEUNLA1679,S5253 WAVE 525 w/m,+ACI-16GB Silver, Unlocked A+ACI-
S5300POCKTUNLA1680,S5300 Pocket,+ACI-16GB Gold, Unlocked A+ACI-
B5512GALYPDUNLB1681,B5512 Galaxy Y Pro Duos,+ACI-16GB Grey, Unlocked B+ACI-
S6102GALYPUNLB1682,S6102 Galaxy Y Duos,+ACI-8GB Gold, Unlocked A+ACI-
S5360GALYUNLB1683,S5360 GALAXY Y,+ACI-16GB White, Unlocked B+ACI-
S5360GALCOLUNLB1684,S5360 GALAXY Y COLOURS,+ACI-32GB Black, Unlocked B+ACI-
S5830ACEUNLB1685,S5830 GALAXY Ace,+ACI-8GB Black, Unlocked B+ACI-
S7500ACEPUNLB1686,S7500 GALAXY Ace Plus,+ACI-64GB Black, Unlocked B+ACI-
S6802ACEDUNLB1687,S6802 Galaxy Ace Duos,+ACI-32GB White, Unlocked B+ACI-
S7250WAVEMUNLB1688,S7250 WAVE M,+ACI-8GB Green, Unlocked B+ACI-
S8600WAVEIIIUNLB1689,S8600 WAVE III,+ACI-16GB Grey, Unlocked A+ACI-
S5380WAVEYUNLB1690,S5380 WAVE Y,+ACI-16GB Grey, Unlocked B+ACI-
C3312DELDUNLB1691,C3312 DELUX DUOS,+ACI-16GB Silver, Unlocked A+ACI-
C3312DELDCUNLB1692,C3312 DELUX DUOS Colours,+ACI-16GB Gold, Unlocked A+ACI-
C3222CDWMUNLB1693,C3222 Ch+AEA-t 322 DUAL WM,+ACI-16GB Grey, Unlocked B+ACI-
C3752DUALSLIUNLB1694,C3752 (DUAL SLIDER),+ACI-8GB Green, Unlocked B+ACI-
C6712STAIIDUNLB1695,C6712 STAR II DUOS,Tizen Powered Phones
S5222STA3DUNLB1696,S5222 Star 3 DUOS,+ACI-8GB Green, Unlocked B+ACI-
E1232DUAHMUNLB1697,E1232 DUAL Hero Music,Tizen Powered Phones
E2152DU5WMUNLB1698,E2152 DUAL 35 W/M,+ACI-8GB Green, Unlocked B+ACI-
E2222CDULUNLB1699,E2222 Ch+AEA-t222 (DUAL),Tizen Powered Phones
E2232DUALUNLB1700,E2232 DUAL,+ACI-8GB Green, Unlocked B+ACI-
MTG20140417AND1701,Moto G,+ACI-16GB White, Unlocked B+ACI-
MTE20140417AND1702,Moto E,+ACI-8GB Green, Unlocked B+ACI-
MTX20150417AND1703,Moto X Play,+ACI-32GB Black, Unlocked B+ACI-
MTG20160417AND1704,Moto G,+ACI-16GB White, Unlocked A+ACI-
MTE20160417AND1705,Moto E,+ACI-8GB Black, Unlocked B+ACI-
MTX20160417AND1706,Moto X Play,+ACI-32GB White, Unlocked B+ACI-
SLAPLENB407008A1707,Lenovo B40+AC0-70,3558U/2GB Ram/500GB HDD
SLAPLENG504504A1708,Lenovo G50+AC0-45,A6+AC0-6310/4GB Ram/500GB HDD
SAPPIPH416GWUNLB1709,Apple iPhone 4 ,+ACI-16GB White, Unlocked B+ACI-
SAPPIPH432GBUNLB1710,Apple iPhone 4 ,+ACI-32GB Black, Unlocked B+ACI-
SAPPIPH4S8GBUNLB1711,Apple iPhone 4S ,+ACI-8GB Black, Unlocked B+ACI-
SAPPIPH564GBUNLB1712,Apple iPhone 5 ,+ACI-64GB Black, Unlocked B+ACI-
SAPPI5C32GWUNLB1713,Apple iPhone 5C ,+ACI-32GB White, Unlocked B+ACI-
SAPPI5C8GGUNLB1714,Apple iPhone 5C ,+ACI-8GB Green, Unlocked B+ACI-
SAPPI5S16GGUNLA1715,Apple iPhone 5S ,+ACI-16GB Grey, Unlocked A+ACI-
SAPPI5S16GGUNLB1716,Apple iPhone 5S ,+ACI-16GB Grey, Unlocked B+ACI-
SAPPI5S16GWUNLA1717,Apple iPhone 5S ,+ACI-16GB Silver, Unlocked A+ACI-
SAPPI616GGOUNLA1718,Apple iPhone 6 ,+ACI-16GB Gold, Unlocked A+ACI-
SAPPI616GGRUNLB1719,Apple iPhone 6 ,+ACI-16GB Grey, Unlocked B+ACI-
SAPPI6P128GGOUNLA1720,Apple iPhone 6 Plus ,+ACI-128GB Gold, Unlocked A+ACI-
I8350OMIUNLB1721,I8350 Ominia,+ACI-16GB White, Unlocked B+ACI-
I9300GALS3UNLB1722,I9300 GALAXY S III,+ACI-32GB Black, Unlocked B+ACI-
I9100GALS2UNLB1723,I9100 GALAXY S II,+ACI-8GB Black, Unlocked B+ACI-
I9070GAKSADVUNLB1724,I9070 GALAXY S Advance,+ACI-64GB Black, Unlocked B+ACI-
I9300GALS3AS1UNLB1725,I9300 GALAXY S III,+ACI-32GB White, Unlocked B+ACI-
I9100GALS2AS1UNLB1726,I9100 GALAXY S II,+ACI-8GB Green, Unlocked B+ACI-
I9070GAKSADVAS1727,I9070 GALAXY S Advance,+ACI-16GB Grey, Unlocked A+ACI-
N7000GALNOTEUNLB1728,N7000 GALAXY NOTE,+ACI-16GB Grey, Unlocked B+ACI-
S5253WAVEUNLA1729,S5253 WAVE 525 w/m,+ACI-16GB Silver, Unlocked A+ACI-
S5300POCKTUNLA1730,S5300 Pocket,+ACI-16GB Gold, Unlocked A+ACI-
B5512GALYPDUNLB1731,B5512 Galaxy Y Pro Duos,+ACI-16GB Grey, Unlocked B+ACI-
S6102GALYPUNLB1732,S6102 Galaxy Y Duos,+ACI-8GB Gold, Unlocked A+ACI-
S5360GALYUNLB1733,S5360 GALAXY Y,+ACI-16GB White, Unlocked B+ACI-
S5360GALCOLUNLB1734,S5360 GALAXY Y COLOURS,+ACI-32GB Black, Unlocked B+ACI-
S5830ACEUNLB1735,S5830 GALAXY Ace,+ACI-8GB Black, Unlocked B+ACI-
S7500ACEPUNLB1736,S7500 GALAXY Ace Plus,+ACI-64GB Black, Unlocked B+ACI-
S6802ACEDUNLB1737,S6802 Galaxy Ace Duos,+ACI-32GB White, Unlocked B+ACI-
S7250WAVEMUNLB1738,S7250 WAVE M,+ACI-8GB Green, Unlocked B+ACI-
S8600WAVEIIIUNLB1739,S8600 WAVE III,+ACI-16GB Grey, Unlocked A+ACI-
S5380WAVEYUNLB1740,S5380 WAVE Y,+ACI-16GB Grey, Unlocked B+ACI-
C3312DELDUNLB1741,C3312 DELUX DUOS,+ACI-16GB Silver, Unlocked A+ACI-
C3312DELDCUNLB1742,C3312 DELUX DUOS Colours,+ACI-16GB Gold, Unlocked A+ACI-
C3222CDWMUNLB1743,C3222 Ch+AEA-t 322 DUAL WM,+ACI-16GB Grey, Unlocked B+ACI-
C3752DUALSLIUNLB1744,C3752 (DUAL SLIDER),+ACI-8GB Green, Unlocked B+ACI-
C6712STAIIDUNLB1745,C6712 STAR II DUOS,Tizen Powered Phones
S5222STA3DUNLB1746,S5222 Star 3 DUOS,+ACI-8GB Green, Unlocked B+ACI-
E1232DUAHMUNLB1747,E1232 DUAL Hero Music,Tizen Powered Phones
E2152DU5WMUNLB1748,E2152 DUAL 35 W/M,+ACI-8GB Green, Unlocked B+ACI-
E2222CDULUNLB1749,E2222 Ch+AEA-t222 (DUAL),Tizen Powered Phones
E2232DUALUNLB1750,E2232 DUAL,+ACI-8GB Green, Unlocked B+ACI-
MTG20140417AND1751,Moto G,+ACI-16GB White, Unlocked B+ACI-
MTE20140417AND1752,Moto E,+ACI-8GB Green, Unlocked B+ACI-
MTX20150417AND1753,Moto X Play,+ACI-32GB Black, Unlocked B+ACI-
MTG20160417AND1754,Moto G,+ACI-16GB White, Unlocked A+ACI-
MTE20160417AND1755,Moto E,+ACI-8GB Black, Unlocked B+ACI-
MTX20160417AND1756,Moto X Play,+ACI-32GB White, Unlocked B+ACI-
SLAPLENB407008A1757,Lenovo B40+AC0-70,3558U/2GB Ram/500GB HDD
SLAPLENG504504A1758,Lenovo G50+AC0-45,A6+AC0-6310/4GB Ram/500GB HDD
SAPPIPH416GWUNLB1759,Apple iPhone 4 ,+ACI-16GB White, Unlocked B+ACI-
SAPPIPH432GBUNLB1760,Apple iPhone 4 ,+ACI-32GB Black, Unlocked B+ACI-
SAPPIPH4S8GBUNLB1761,Apple iPhone 4S ,+ACI-8GB Black, Unlocked B+ACI-
SAPPIPH564GBUNLB1762,Apple iPhone 5 ,+ACI-64GB Black, Unlocked B+ACI-
SAPPI5C32GWUNLB1763,Apple iPhone 5C ,+ACI-32GB White, Unlocked B+ACI-
SAPPI5C8GGUNLB1764,Apple iPhone 5C ,+ACI-8GB Green, Unlocked B+ACI-
SAPPI5S16GGUNLA1765,Apple iPhone 5S ,+ACI-16GB Grey, Unlocked A+ACI-
SAPPI5S16GGUNLB1766,Apple iPhone 5S ,+ACI-16GB Grey, Unlocked B+ACI-
SAPPI5S16GWUNLA1767,Apple iPhone 5S ,+ACI-16GB Silver, Unlocked A+ACI-
SAPPI616GGOUNLA1768,Apple iPhone 6 ,+ACI-16GB Gold, Unlocked A+ACI-
SAPPI616GGRUNLB1769,Apple iPhone 6 ,+ACI-16GB Grey, Unlocked B+ACI-
SAPPI6P128GGOUNLA1770,Apple iPhone 6 Plus ,+ACI-128GB Gold, Unlocked A+ACI-
I8350OMIUNLB1771,I8350 Ominia,+ACI-16GB White, Unlocked B+ACI-
I9300GALS3UNLB1772,I9300 GALAXY S III,+ACI-32GB Black, Unlocked B+ACI-
I9100GALS2UNLB1773,I9100 GALAXY S II,+ACI-8GB Black, Unlocked B+ACI-
I9070GAKSADVUNLB1774,I9070 GALAXY S Advance,+ACI-64GB Black, Unlocked B+ACI-
I9300GALS3AS1UNLB1775,I9300 GALAXY S III,+ACI-32GB White, Unlocked B+ACI-
I9100GALS2AS1UNLB1776,I9100 GALAXY S II,+ACI-8GB Green, Unlocked B+ACI-
I9070GAKSADVAS1777,I9070 GALAXY S Advance,+ACI-16GB Grey, Unlocked A+ACI-
N7000GALNOTEUNLB1778,N7000 GALAXY NOTE,+ACI-16GB Grey, Unlocked B+ACI-
S5253WAVEUNLA1779,S5253 WAVE 525 w/m,+ACI-16GB Silver, Unlocked A+ACI-
S5300POCKTUNLA1780,S5300 Pocket,+ACI-16GB Gold, Unlocked A+ACI-
B5512GALYPDUNLB1781,B5512 Galaxy Y Pro Duos,+ACI-16GB Grey, Unlocked B+ACI-
S6102GALYPUNLB1782,S6102 Galaxy Y Duos,+ACI-8GB Gold, Unlocked A+ACI-
S5360GALYUNLB1783,S5360 GALAXY Y,+ACI-16GB White, Unlocked B+ACI-
S5360GALCOLUNLB1784,S5360 GALAXY Y COLOURS,+ACI-32GB Black, Unlocked B+ACI-
S5830ACEUNLB1785,S5830 GALAXY Ace,+ACI-8GB Black, Unlocked B+ACI-
S7500ACEPUNLB1786,S7500 GALAXY Ace Plus,+ACI-64GB Black, Unlocked B+ACI-
S6802ACEDUNLB1787,S6802 Galaxy Ace Duos,+ACI-32GB White, Unlocked B+ACI-
S7250WAVEMUNLB1788,S7250 WAVE M,+ACI-8GB Green, Unlocked B+ACI-
S8600WAVEIIIUNLB1789,S8600 WAVE III,+ACI-16GB Grey, Unlocked A+ACI-
S5380WAVEYUNLB1790,S5380 WAVE Y,+ACI-16GB Grey, Unlocked B+ACI-
C3312DELDUNLB1791,C3312 DELUX DUOS,+ACI-16GB Silver, Unlocked A+ACI-
C3312DELDCUNLB1792,C3312 DELUX DUOS Colours,+ACI-16GB Gold, Unlocked A+ACI-
C3222CDWMUNLB1793,C3222 Ch+AEA-t 322 DUAL WM,+ACI-16GB Grey, Unlocked B+ACI-
C3752DUALSLIUNLB1794,C3752 (DUAL SLIDER),+ACI-8GB Green, Unlocked B+ACI-
C6712STAIIDUNLB1795,C6712 STAR II DUOS,Tizen Powered Phones
S5222STA3DUNLB1796,S5222 Star 3 DUOS,+ACI-8GB Green, Unlocked B+ACI-
E1232DUAHMUNLB1797,E1232 DUAL Hero Music,Tizen Powered Phones
E2152DU5WMUNLB1798,E2152 DUAL 35 W/M,+ACI-8GB Green, Unlocked B+ACI-
E2222CDULUNLB1799,E2222 Ch+AEA-t222 (DUAL),Tizen Powered Phones
E2232DUALUNLB1800,E2232 DUAL,+ACI-8GB Green, Unlocked B+ACI-
MTG20140417AND1801,Moto G,+ACI-16GB White, Unlocked B+ACI-
MTE20140417AND1802,Moto E,+ACI-8GB Green, Unlocked B+ACI-
MTX20150417AND1803,Moto X Play,+ACI-32GB Black, Unlocked B+ACI-
MTG20160417AND1804,Moto G,+ACI-16GB White, Unlocked A+ACI-
MTE20160417AND1805,Moto E,+ACI-8GB Black, Unlocked B+ACI-
MTX20160417AND1806,Moto X Play,+ACI-32GB White, Unlocked B+ACI-
SLAPLENB407008A1807,Lenovo B40+AC0-70,3558U/2GB Ram/500GB HDD
SLAPLENG504504A1808,Lenovo G50+AC0-45,A6+AC0-6310/4GB Ram/500GB HDD
SAPPIPH416GWUNLB1809,Apple iPhone 4 ,+ACI-16GB White, Unlocked B+ACI-
SAPPIPH432GBUNLB1810,Apple iPhone 4 ,+ACI-32GB Black, Unlocked B+ACI-
SAPPIPH4S8GBUNLB1811,Apple iPhone 4S ,+ACI-8GB Black, Unlocked B+ACI-
SAPPIPH564GBUNLB1812,Apple iPhone 5 ,+ACI-64GB Black, Unlocked B+ACI-
SAPPI5C32GWUNLB1813,Apple iPhone 5C ,+ACI-32GB White, Unlocked B+ACI-
SAPPI5C8GGUNLB1814,Apple iPhone 5C ,+ACI-8GB Green, Unlocked B+ACI-
SAPPI5S16GGUNLA1815,Apple iPhone 5S ,+ACI-16GB Grey, Unlocked A+ACI-
SAPPI5S16GGUNLB1816,Apple iPhone 5S ,+ACI-16GB Grey, Unlocked B+ACI-
SAPPI5S16GWUNLA1817,Apple iPhone 5S ,+ACI-16GB Silver, Unlocked A+ACI-
SAPPI616GGOUNLA1818,Apple iPhone 6 ,+ACI-16GB Gold, Unlocked A+ACI-
SAPPI616GGRUNLB1819,Apple iPhone 6 ,+ACI-16GB Grey, Unlocked B+ACI-
SAPPI6P128GGOUNLA1820,Apple iPhone 6 Plus ,+ACI-128GB Gold, Unlocked A+ACI-
I8350OMIUNLB1821,I8350 Ominia,+ACI-16GB White, Unlocked B+ACI-
I9300GALS3UNLB1822,I9300 GALAXY S III,+ACI-32GB Black, Unlocked B+ACI-
I9100GALS2UNLB1823,I9100 GALAXY S II,+ACI-8GB Black, Unlocked B+ACI-
I9070GAKSADVUNLB1824,I9070 GALAXY S Advance,+ACI-64GB Black, Unlocked B+ACI-
I9300GALS3AS1UNLB1825,I9300 GALAXY S III,+ACI-32GB White, Unlocked B+ACI-
I9100GALS2AS1UNLB1826,I9100 GALAXY S II,+ACI-8GB Green, Unlocked B+ACI-
I9070GAKSADVAS1827,I9070 GALAXY S Advance,+ACI-16GB Grey, Unlocked A+ACI-
N7000GALNOTEUNLB1828,N7000 GALAXY NOTE,+ACI-16GB Grey, Unlocked B+ACI-
S5253WAVEUNLA1829,S5253 WAVE 525 w/m,+ACI-16GB Silver, Unlocked A+ACI-
S5300POCKTUNLA1830,S5300 Pocket,+ACI-16GB Gold, Unlocked A+ACI-
B5512GALYPDUNLB1831,B5512 Galaxy Y Pro Duos,+ACI-16GB Grey, Unlocked B+ACI-
S6102GALYPUNLB1832,S6102 Galaxy Y Duos,+ACI-8GB Gold, Unlocked A+ACI-
S5360GALYUNLB1833,S5360 GALAXY Y,+ACI-16GB White, Unlocked B+ACI-
S5360GALCOLUNLB1834,S5360 GALAXY Y COLOURS,+ACI-32GB Black, Unlocked B+ACI-
S5830ACEUNLB1835,S5830 GALAXY Ace,+ACI-8GB Black, Unlocked B+ACI-
S7500ACEPUNLB1836,S7500 GALAXY Ace Plus,+ACI-64GB Black, Unlocked B+ACI-
S6802ACEDUNLB1837,S6802 Galaxy Ace Duos,+ACI-32GB White, Unlocked B+ACI-
S7250WAVEMUNLB1838,S7250 WAVE M,+ACI-8GB Green, Unlocked B+ACI-
S8600WAVEIIIUNLB1839,S8600 WAVE III,+ACI-16GB Grey, Unlocked A+ACI-
S5380WAVEYUNLB1840,S5380 WAVE Y,+ACI-16GB Grey, Unlocked B+ACI-
C3312DELDUNLB1841,C3312 DELUX DUOS,+ACI-16GB Silver, Unlocked A+ACI-
C3312DELDCUNLB1842,C3312 DELUX DUOS Colours,+ACI-16GB Gold, Unlocked A+ACI-
C3222CDWMUNLB1843,C3222 Ch+AEA-t 322 DUAL WM,+ACI-16GB Grey, Unlocked B+ACI-
C3752DUALSLIUNLB1844,C3752 (DUAL SLIDER),+ACI-8GB Green, Unlocked B+ACI-
C6712STAIIDUNLB1845,C6712 STAR II DUOS,Tizen Powered Phones
S5222STA3DUNLB1846,S5222 Star 3 DUOS,+ACI-8GB Green, Unlocked B+ACI-
E1232DUAHMUNLB1847,E1232 DUAL Hero Music,Tizen Powered Phones
E2152DU5WMUNLB1848,E2152 DUAL 35 W/M,+ACI-8GB Green, Unlocked B+ACI-
E2222CDULUNLB1849,E2222 Ch+AEA-t222 (DUAL),Tizen Powered Phones
E2232DUALUNLB1850,E2232 DUAL,+ACI-8GB Green, Unlocked B+ACI-
MTG20140417AND1851,Moto G,+ACI-16GB White, Unlocked B+ACI-
MTE20140417AND1852,Moto E,+ACI-8GB Green, Unlocked B+ACI-
MTX20150417AND1853,Moto X Play,+ACI-32GB Black, Unlocked B+ACI-
MTG20160417AND1854,Moto G,+ACI-16GB White, Unlocked A+ACI-
MTE20160417AND1855,Moto E,+ACI-8GB Black, Unlocked B+ACI-
MTX20160417AND1856,Moto X Play,+ACI-32GB White, Unlocked B+ACI-
SLAPLENB407008A1857,Lenovo B40+AC0-70,3558U/2GB Ram/500GB HDD
SLAPLENG504504A1858,Lenovo G50+AC0-45,A6+AC0-6310/4GB Ram/500GB HDD
SAPPIPH416GWUNLB1859,Apple iPhone 4 ,+ACI-16GB White, Unlocked B+ACI-
SAPPIPH432GBUNLB1860,Apple iPhone 4 ,+ACI-32GB Black, Unlocked B+ACI-
SAPPIPH4S8GBUNLB1861,Apple iPhone 4S ,+ACI-8GB Black, Unlocked B+ACI-
SAPPIPH564GBUNLB1862,Apple iPhone 5 ,+ACI-64GB Black, Unlocked B+ACI-
SAPPI5C32GWUNLB1863,Apple iPhone 5C ,+ACI-32GB White, Unlocked B+ACI-
SAPPI5C8GGUNLB1864,Apple iPhone 5C ,+ACI-8GB Green, Unlocked B+ACI-
SAPPI5S16GGUNLA1865,Apple iPhone 5S ,+ACI-16GB Grey, Unlocked A+ACI-
SAPPI5S16GGUNLB1866,Apple iPhone 5S ,+ACI-16GB Grey, Unlocked B+ACI-
SAPPI5S16GWUNLA1867,Apple iPhone 5S ,+ACI-16GB Silver, Unlocked A+ACI-
SAPPI616GGOUNLA1868,Apple iPhone 6 ,+ACI-16GB Gold, Unlocked A+ACI-
SAPPI616GGRUNLB1869,Apple iPhone 6 ,+ACI-16GB Grey, Unlocked B+ACI-
SAPPI6P128GGOUNLA1870,Apple iPhone 6 Plus ,+ACI-128GB Gold, Unlocked A+ACI-
I8350OMIUNLB1871,I8350 Ominia,+ACI-16GB White, Unlocked B+ACI-
I9300GALS3UNLB1872,I9300 GALAXY S III,+ACI-32GB Black, Unlocked B+ACI-
I9100GALS2UNLB1873,I9100 GALAXY S II,+ACI-8GB Black, Unlocked B+ACI-
I9070GAKSADVUNLB1874,I9070 GALAXY S Advance,+ACI-64GB Black, Unlocked B+ACI-
I9300GALS3AS1UNLB1875,I9300 GALAXY S III,+ACI-32GB White, Unlocked B+ACI-
I9100GALS2AS1UNLB1876,I9100 GALAXY S II,+ACI-8GB Green, Unlocked B+ACI-
I9070GAKSADVAS1877,I9070 GALAXY S Advance,+ACI-16GB Grey, Unlocked A+ACI-
N7000GALNOTEUNLB1878,N7000 GALAXY NOTE,+ACI-16GB Grey, Unlocked B+ACI-
S5253WAVEUNLA1879,S5253 WAVE 525 w/m,+ACI-16GB Silver, Unlocked A+ACI-
S5300POCKTUNLA1880,S5300 Pocket,+ACI-16GB Gold, Unlocked A+ACI-
B5512GALYPDUNLB1881,B5512 Galaxy Y Pro Duos,+ACI-16GB Grey, Unlocked B+ACI-
S6102GALYPUNLB1882,S6102 Galaxy Y Duos,+ACI-8GB Gold, Unlocked A+ACI-
S5360GALYUNLB1883,S5360 GALAXY Y,+ACI-16GB White, Unlocked B+ACI-
S5360GALCOLUNLB1884,S5360 GALAXY Y COLOURS,+ACI-32GB Black, Unlocked B+ACI-
S5830ACEUNLB1885,S5830 GALAXY Ace,+ACI-8GB Black, Unlocked B+ACI-
S7500ACEPUNLB1886,S7500 GALAXY Ace Plus,+ACI-64GB Black, Unlocked B+ACI-
S6802ACEDUNLB1887,S6802 Galaxy Ace Duos,+ACI-32GB White, Unlocked B+ACI-
S7250WAVEMUNLB1888,S7250 WAVE M,+ACI-8GB Green, Unlocked B+ACI-
S8600WAVEIIIUNLB1889,S8600 WAVE III,+ACI-16GB Grey, Unlocked A+ACI-
S5380WAVEYUNLB1890,S5380 WAVE Y,+ACI-16GB Grey, Unlocked B+ACI-
C3312DELDUNLB1891,C3312 DELUX DUOS,+ACI-16GB Silver, Unlocked A+ACI-
C3312DELDCUNLB1892,C3312 DELUX DUOS Colours,+ACI-16GB Gold, Unlocked A+ACI-
C3222CDWMUNLB1893,C3222 Ch+AEA-t 322 DUAL WM,+ACI-16GB Grey, Unlocked B+ACI-
C3752DUALSLIUNLB1894,C3752 (DUAL SLIDER),+ACI-8GB Green, Unlocked B+ACI-
C6712STAIIDUNLB1895,C6712 STAR II DUOS,Tizen Powered Phones
S5222STA3DUNLB1896,S5222 Star 3 DUOS,+ACI-8GB Green, Unlocked B+ACI-
E1232DUAHMUNLB1897,E1232 DUAL Hero Music,Tizen Powered Phones
E2152DU5WMUNLB1898,E2152 DUAL 35 W/M,+ACI-8GB Green, Unlocked B+ACI-
E2222CDULUNLB1899,E2222 Ch+AEA-t222 (DUAL),Tizen Powered Phones
E2232DUALUNLB1900,E2232 DUAL,+ACI-8GB Green, Unlocked B+ACI-
MTG20140417AND1901,Moto G,+ACI-16GB White, Unlocked B+ACI-
MTE20140417AND1902,Moto E,+ACI-8GB Green, Unlocked B+ACI-
MTX20150417AND1903,Moto X Play,+ACI-32GB Black, Unlocked B+ACI-
MTG20160417AND1904,Moto G,+ACI-16GB White, Unlocked A+ACI-
MTE20160417AND1905,Moto E,+ACI-8GB Black, Unlocked B+ACI-
MTX20160417AND1906,Moto X Play,+ACI-32GB White, Unlocked B+ACI-
SLAPLENB407008A1907,Lenovo B40+AC0-70,3558U/2GB Ram/500GB HDD
SLAPLENG504504A1908,Lenovo G50+AC0-45,A6+AC0-6310/4GB Ram/500GB HDD
SAPPIPH416GWUNLB1909,Apple iPhone 4 ,+ACI-16GB White, Unlocked B+ACI-
SAPPIPH432GBUNLB1910,Apple iPhone 4 ,+ACI-32GB Black, Unlocked B+ACI-
SAPPIPH4S8GBUNLB1911,Apple iPhone 4S ,+ACI-8GB Black, Unlocked B+ACI-
SAPPIPH564GBUNLB1912,Apple iPhone 5 ,+ACI-64GB Black, Unlocked B+ACI-
SAPPI5C32GWUNLB1913,Apple iPhone 5C ,+ACI-32GB White, Unlocked B+ACI-
SAPPI5C8GGUNLB1914,Apple iPhone 5C ,+ACI-8GB Green, Unlocked B+ACI-
SAPPI5S16GGUNLA1915,Apple iPhone 5S ,+ACI-16GB Grey, Unlocked A+ACI-
SAPPI5S16GGUNLB1916,Apple iPhone 5S ,+ACI-16GB Grey, Unlocked B+ACI-
SAPPI5S16GWUNLA1917,Apple iPhone 5S ,+ACI-16GB Silver, Unlocked A+ACI-
SAPPI616GGOUNLA1918,Apple iPhone 6 ,+ACI-16GB Gold, Unlocked A+ACI-
SAPPI616GGRUNLB1919,Apple iPhone 6 ,+ACI-16GB Grey, Unlocked B+ACI-
SAPPI6P128GGOUNLA1920,Apple iPhone 6 Plus ,+ACI-128GB Gold, Unlocked A+ACI-
I8350OMIUNLB1921,I8350 Ominia,+ACI-16GB White, Unlocked B+ACI-
I9300GALS3UNLB1922,I9300 GALAXY S III,+ACI-32GB Black, Unlocked B+ACI-
I9100GALS2UNLB1923,I9100 GALAXY S II,+ACI-8GB Black, Unlocked B+ACI-
I9070GAKSADVUNLB1924,I9070 GALAXY S Advance,+ACI-64GB Black, Unlocked B+ACI-
I9300GALS3AS1UNLB1925,I9300 GALAXY S III,+ACI-32GB White, Unlocked B+ACI-
I9100GALS2AS1UNLB1926,I9100 GALAXY S II,+ACI-8GB Green, Unlocked B+ACI-
I9070GAKSADVAS1927,I9070 GALAXY S Advance,+ACI-16GB Grey, Unlocked A+ACI-
N7000GALNOTEUNLB1928,N7000 GALAXY NOTE,+ACI-16GB Grey, Unlocked B+ACI-
S5253WAVEUNLA1929,S5253 WAVE 525 w/m,+ACI-16GB Silver, Unlocked A+ACI-
S5300POCKTUNLA1930,S5300 Pocket,+ACI-16GB Gold, Unlocked A+ACI-
B5512GALYPDUNLB1931,B5512 Galaxy Y Pro Duos,+ACI-16GB Grey, Unlocked B+ACI-
S6102GALYPUNLB1932,S6102 Galaxy Y Duos,+ACI-8GB Gold, Unlocked A+ACI-
S5360GALYUNLB1933,S5360 GALAXY Y,+ACI-16GB White, Unlocked B+ACI-
S5360GALCOLUNLB1934,S5360 GALAXY Y COLOURS,+ACI-32GB Black, Unlocked B+ACI-
S5830ACEUNLB1935,S5830 GALAXY Ace,+ACI-8GB Black, Unlocked B+ACI-
S7500ACEPUNLB1936,S7500 GALAXY Ace Plus,+ACI-64GB Black, Unlocked B+ACI-
S6802ACEDUNLB1937,S6802 Galaxy Ace Duos,+ACI-32GB White, Unlocked B+ACI-
S7250WAVEMUNLB1938,S7250 WAVE M,+ACI-8GB Green, Unlocked B+ACI-
S8600WAVEIIIUNLB1939,S8600 WAVE III,+ACI-16GB Grey, Unlocked A+ACI-
S5380WAVEYUNLB1940,S5380 WAVE Y,+ACI-16GB Grey, Unlocked B+ACI-
C3312DELDUNLB1941,C3312 DELUX DUOS,+ACI-16GB Silver, Unlocked A+ACI-
C3312DELDCUNLB1942,C3312 DELUX DUOS Colours,+ACI-16GB Gold, Unlocked A+ACI-
C3222CDWMUNLB1943,C3222 Ch+AEA-t 322 DUAL WM,+ACI-16GB Grey, Unlocked B+ACI-
C3752DUALSLIUNLB1944,C3752 (DUAL SLIDER),+ACI-8GB Green, Unlocked B+ACI-
C6712STAIIDUNLB1945,C6712 STAR II DUOS,Tizen Powered Phones
S5222STA3DUNLB1946,S5222 Star 3 DUOS,+ACI-8GB Green, Unlocked B+ACI-
E1232DUAHMUNLB1947,E1232 DUAL Hero Music,Tizen Powered Phones
E2152DU5WMUNLB1948,E2152 DUAL 35 W/M,+ACI-8GB Green, Unlocked B+ACI-
E2222CDULUNLB1949,E2222 Ch+AEA-t222 (DUAL),Tizen Powered Phones
E2232DUALUNLB1950,E2232 DUAL,+ACI-8GB Green, Unlocked B+ACI-
MTG20140417AND1951,Moto G,+ACI-16GB White, Unlocked B+ACI-
MTE20140417AND1952,Moto E,+ACI-8GB Green, Unlocked B+ACI-
MTX20150417AND1953,Moto X Play,+ACI-32GB Black, Unlocked B+ACI-
MTG20160417AND1954,Moto G,+ACI-16GB White, Unlocked A+ACI-
MTE20160417AND1955,Moto E,+ACI-8GB Black, Unlocked B+ACI-
MTX20160417AND1956,Moto X Play,+ACI-32GB White, Unlocked B+ACI-
SLAPLENB407008A1957,Lenovo B40+AC0-70,3558U/2GB Ram/500GB HDD
SLAPLENG504504A1958,Lenovo G50+AC0-45,A6+AC0-6310/4GB Ram/500GB HDD
SAPPIPH416GWUNLB1959,Apple iPhone 4 ,+ACI-16GB White, Unlocked B+ACI-
SAPPIPH432GBUNLB1960,Apple iPhone 4 ,+ACI-32GB Black, Unlocked B+ACI-
SAPPIPH4S8GBUNLB1961,Apple iPhone 4S ,+ACI-8GB Black, Unlocked B+ACI-
SAPPIPH564GBUNLB1962,Apple iPhone 5 ,+ACI-64GB Black, Unlocked B+ACI-
SAPPI5C32GWUNLB1963,Apple iPhone 5C ,+ACI-32GB White, Unlocked B+ACI-
SAPPI5C8GGUNLB1964,Apple iPhone 5C ,+ACI-8GB Green, Unlocked B+ACI-
SAPPI5S16GGUNLA1965,Apple iPhone 5S ,+ACI-16GB Grey, Unlocked A+ACI-
SAPPI5S16GGUNLB1966,Apple iPhone 5S ,+ACI-16GB Grey, Unlocked B+ACI-
SAPPI5S16GWUNLA1967,Apple iPhone 5S ,+ACI-16GB Silver, Unlocked A+ACI-
SAPPI616GGOUNLA1968,Apple iPhone 6 ,+ACI-16GB Gold, Unlocked A+ACI-
SAPPI616GGRUNLB1969,Apple iPhone 6 ,+ACI-16GB Grey, Unlocked B+ACI-
SAPPI6P128GGOUNLA1970,Apple iPhone 6 Plus ,+ACI-128GB Gold, Unlocked A+ACI-
I8350OMIUNLB1971,I8350 Ominia,+ACI-16GB White, Unlocked B+ACI-
I9300GALS3UNLB1972,I9300 GALAXY S III,+ACI-32GB Black, Unlocked B+ACI-
I9100GALS2UNLB1973,I9100 GALAXY S II,+ACI-8GB Black, Unlocked B+ACI-
I9070GAKSADVUNLB1974,I9070 GALAXY S Advance,+ACI-64GB Black, Unlocked B+ACI-
I9300GALS3AS1UNLB1975,I9300 GALAXY S III,+ACI-32GB White, Unlocked B+ACI-
I9100GALS2AS1UNLB1976,I9100 GALAXY S II,+ACI-8GB Green, Unlocked B+ACI-
I9070GAKSADVAS1977,I9070 GALAXY S Advance,+ACI-16GB Grey, Unlocked A+ACI-
N7000GALNOTEUNLB1978,N7000 GALAXY NOTE,+ACI-16GB Grey, Unlocked B+ACI-
S5253WAVEUNLA1979,S5253 WAVE 525 w/m,+ACI-16GB Silver, Unlocked A+ACI-
S5300POCKTUNLA1980,S5300 Pocket,+ACI-16GB Gold, Unlocked A+ACI-
B5512GALYPDUNLB1981,B5512 Galaxy Y Pro Duos,+ACI-16GB Grey, Unlocked B+ACI-
S6102GALYPUNLB1982,S6102 Galaxy Y Duos,+ACI-8GB Gold, Unlocked A+ACI-
S5360GALYUNLB1983,S5360 GALAXY Y,+ACI-16GB White, Unlocked B+ACI-
S5360GALCOLUNLB1984,S5360 GALAXY Y COLOURS,+ACI-32GB Black, Unlocked B+ACI-
S5830ACEUNLB1985,S5830 GALAXY Ace,+ACI-8GB Black, Unlocked B+ACI-
S7500ACEPUNLB1986,S7500 GALAXY Ace Plus,+ACI-64GB Black, Unlocked B+ACI-
S6802ACEDUNLB1987,S6802 Galaxy Ace Duos,+ACI-32GB White, Unlocked B+ACI-
S7250WAVEMUNLB1988,S7250 WAVE M,+ACI-8GB Green, Unlocked B+ACI-
S8600WAVEIIIUNLB1989,S8600 WAVE III,+ACI-16GB Grey, Unlocked A+ACI-
S5380WAVEYUNLB1990,S5380 WAVE Y,+ACI-16GB Grey, Unlocked B+ACI-
C3312DELDUNLB1991,C3312 DELUX DUOS,+ACI-16GB Silver, Unlocked A+ACI-
C3312DELDCUNLB1992,C3312 DELUX DUOS Colours,+ACI-16GB Gold, Unlocked A+ACI-
C3222CDWMUNLB1993,C3222 Ch+AEA-t 322 DUAL WM,+ACI-16GB Grey, Unlocked B+ACI-
C3752DUALSLIUNLB1994,C3752 (DUAL SLIDER),+ACI-8GB Green, Unlocked B+ACI-
C6712STAIIDUNLB1995,C6712 STAR II DUOS,Tizen Powered Phones
S5222STA3DUNLB1996,S5222 Star 3 DUOS,+ACI-8GB Green, Unlocked B+ACI-
E1232DUAHMUNLB1997,E1232 DUAL Hero Music,Tizen Powered Phones
E2152DU5WMUNLB1998,E2152 DUAL 35 W/M,+ACI-8GB Green, Unlocked B+ACI-
E2222CDULUNLB1999,E2222 Ch+AEA-t222 (DUAL),Tizen Powered Phones
E2232DUALUNLB11000,E2232 DUAL,+ACI-8GB Green, Unlocked B+ACI-
